NAME,CREATION_DATE,PRIVACY,LENGTH,ID_C
Little Position,1973-07-11,private,11:49:22,2445
Management Forget,1978-11-27,public,23:26:58,2016
Heavy Rise,1990-06-26,public,04:09:45,2179
Ask Respond,2000-05-05,public,17:05:37,2328
Weight Power,2008-07-06,public,02:28:04,2424
Mother Detail,2004-08-08,private,23:05:40,2325
Easy Station,1993-11-08,private,01:23:11,2350
Against Loss,2019-04-27,public,03:30:23,424
Meet Executive,2020-06-03,public,20:24:40,3279
Arm Number,1995-11-15,public,10:00:07,2932
Figure Sure,1976-02-06,public,07:21:23,2317
Husband Deep,2010-12-24,public,14:01:12,1797
Religious Tough,1998-05-08,private,02:19:30,274
Realize The,1982-01-16,public,07:17:50,1436
Beautiful Fight,1997-09-03,public,06:19:04,2155
Top Provide,1982-02-22,public,10:24:49,1280
Forget Care,1993-01-29,public,05:01:16,1498
Study Art,1992-10-21,private,04:27:25,2602
Before Yet,2021-12-02,public,19:00:02,2576
Indeed Price,1979-02-16,private,11:17:47,846
Sister Add,1993-01-22,private,02:49:12,1135
Listen Instead,2001-04-05,private,12:43:39,228
Perhaps Street,2015-12-10,private,10:58:23,1867
Top Several,1987-06-13,public,23:19:56,1933
Movie Finally,2013-01-20,private,22:22:36,1893
Other Bank,1988-07-03,private,16:47:27,2056
Fire Between,1989-06-20,private,19:30:52,1092
Who Section,1993-12-08,private,15:48:55,625
Subject Seven,2001-06-13,public,17:06:04,1316
Police Better,1984-03-10,public,03:47:25,1823
Operation Million,2006-11-07,private,20:21:08,3272
Woman Small,1981-04-07,private,04:48:10,3296
Lay Free,2012-02-06,public,12:14:18,2160
Democrat Opportunity,1974-10-26,private,09:46:55,2644
Commercial Series,1981-06-19,private,03:53:41,1352
Be Skin,2022-04-13,public,22:23:53,95
Rich Low,1977-03-03,private,01:21:39,1986
Course Organization,1996-08-24,public,07:41:48,3092
Attorney Any,1973-04-19,private,16:19:59,1999
Least Identify,1986-03-11,public,17:59:08,2140
Person Majority,1974-09-05,public,19:10:44,465
Task Amount,1988-12-15,private,17:35:17,1617
Buy Hair,1984-08-22,private,17:43:41,1656
Address Avoid,2015-10-19,private,00:10:42,2929
Both Heavy,2022-03-18,private,16:15:09,1817
Eye Animal,1996-01-28,private,07:27:55,1364
Outside When,1987-10-19,private,17:15:17,1667
Forget Her,1995-01-06,private,10:49:25,434
Enter Level,1999-10-24,private,09:30:24,2133
Most Economic,1998-07-16,private,10:33:14,503
Expect Stop,2020-03-30,private,09:36:06,1468
Operation Enter,1984-04-09,private,13:23:28,1734
Investment Owner,2005-08-29,private,01:06:58,1694
Hot Way,1975-04-23,private,07:46:27,744
Establish Family,1996-07-19,public,06:46:49,2693
First Rather,1972-05-28,public,07:49:29,761
Health Huge,2016-07-06,private,02:56:57,75
Article Development,1979-07-06,private,16:04:32,3267
Too Surface,2014-10-09,private,20:39:53,3203
Sit Official,1977-12-04,private,12:39:00,2156
Middle Dream,1986-09-20,private,14:20:11,1904
Response So,1995-12-08,private,04:14:48,280
Customer Dark,1991-10-06,private,07:43:57,3099
Which Surface,2011-01-18,public,23:08:24,2969
Tend Would,2019-04-08,public,03:50:27,860
But Again,2007-08-31,public,17:22:53,694
Land Exactly,2015-02-01,public,00:01:42,1203
Recently Traditional,2016-10-11,private,02:07:35,2159
Product Probably,1991-07-25,public,04:19:30,211
Campaign Relate,1970-04-17,public,08:15:43,710
Nearly Whether,2019-08-04,public,23:12:48,2460
Raise Low,1987-01-08,private,11:38:06,93
Contain Few,1976-07-23,private,19:06:52,1410
Particular Onto,1984-02-08,public,14:56:29,1053
Deal Month,1996-09-25,public,09:20:57,2209
Design Report,1990-09-27,private,17:01:22,1461
Direction Ago,2003-02-20,private,08:57:03,2735
Again Star,1978-09-18,private,13:56:39,734
Them Detail,1988-01-23,public,12:22:15,715
Wish Office,1970-07-06,private,21:18:48,2846
Property Story,2002-12-13,public,02:05:11,1027
Music Charge,2014-10-14,private,11:10:03,199
Change Decision,1984-08-24,public,20:39:32,963
International Describe,2004-05-09,public,06:18:12,3042
Watch Actually,2001-01-30,public,19:19:06,2234
Hard Season,1997-06-26,public,02:07:08,1490
Measure Onto,1998-09-23,public,05:52:43,916
Pm Race,2002-11-21,private,22:10:00,1219
Report Step,1978-08-07,private,15:23:26,890
Lose Line,2007-11-01,public,14:51:10,1202
Guess Human,1979-04-23,public,12:43:49,2153
Record Race,2014-12-02,public,01:31:15,2363
With Foot,2009-06-04,public,21:00:50,2685
Few Wind,1986-08-03,private,06:54:44,791
Help Public,2018-02-22,private,00:25:08,442
Drug Protect,2017-05-09,private,03:20:14,2693
Hair Maybe,2012-01-31,public,17:59:00,1883
Oil Note,2000-09-20,private,16:42:13,2490
Free People,2005-05-21,public,18:20:41,2635
Discover Environmental,2007-02-25,public,07:11:34,568
Magazine Thing,1993-05-14,public,08:22:58,1627
Government Vote,1972-04-12,private,20:25:26,1900
Remain Feel,2004-09-28,public,04:20:42,1264
Wife Leave,2009-06-07,public,01:26:00,3210
Who Me,1978-04-30,public,02:40:24,2733
Several Rather,1993-10-03,private,20:08:06,511
Arrive Image,1986-04-16,private,17:31:46,1892
Visit Tree,2001-03-29,public,08:18:27,2221
Have Wait,1999-12-05,public,02:09:47,2228
Certain Red,2014-08-31,private,17:06:37,1093
Value Anything,1992-06-07,private,06:40:24,2796
Bank Provide,1977-09-19,private,10:02:44,3396
People Network,2006-10-29,public,07:19:59,1680
Wide Expert,1980-05-29,private,23:41:53,2342
By Suffer,1977-01-12,public,02:36:18,2576
Voice Throw,1976-03-26,private,13:22:19,102
Traditional What,1997-09-11,public,06:29:40,790
Individual Money,1999-04-08,private,11:07:30,433
Personal Look,2003-07-10,public,00:47:19,2474
Own Security,2016-11-15,public,02:00:14,2198
Focus Check,2011-01-07,private,20:10:21,788
Before Others,2023-08-11,private,16:14:44,2719
Degree Five,2020-04-27,private,17:15:28,1185
Increase Paper,2000-10-25,private,00:46:26,1106
Relationship You,2013-04-27,public,23:40:26,2187
Must Perform,2013-04-30,public,05:19:40,3309
A Those,1974-05-05,public,19:14:05,1392
Will Hotel,2015-03-02,public,13:02:35,2154
Six Road,1998-03-02,public,15:20:39,3418
Task Issue,1993-04-14,public,03:24:08,241
Very Growth,2011-02-22,private,17:43:04,842
Away System,1972-08-08,private,02:20:59,3022
Nor Side,1975-01-07,public,15:24:33,551
Miss Community,2008-02-07,public,00:32:42,1185
Fine Give,2012-06-12,public,19:59:49,935
Experience Affect,2006-02-25,private,05:36:10,848
Leader Lot,1978-02-23,private,16:56:19,2414
Team Where,1996-10-12,public,00:22:24,2524
Lawyer Religious,2010-07-15,private,18:43:41,2744
Professor Meeting,2018-11-08,private,15:47:36,1986
City Star,1984-08-16,public,19:36:36,34
Defense Mr,2001-04-07,private,00:17:24,3390
Four Difficult,1985-05-08,public,01:01:09,2009
Perhaps Type,2009-01-13,public,16:34:30,2382
Drive White,1994-10-21,public,19:24:17,2059
Music Us,1981-01-04,private,00:58:35,2009
Head Yourself,1980-07-18,private,02:23:10,2287
Build Interview,1974-12-18,public,22:08:44,2981
Say Stop,1991-06-21,public,21:07:49,466
Different Tonight,2003-05-18,public,15:23:32,3025
Allow Water,2006-04-16,public,00:28:42,3134
Parent Whether,2014-05-09,private,11:14:05,1487
Another Growth,2009-02-26,private,05:24:11,2537
Tend Need,1983-12-20,public,20:01:46,662
Push Fund,2005-06-16,public,05:10:18,1895
Apply Follow,1981-03-27,public,10:26:12,843
Set Eye,2017-07-08,public,08:17:10,1384
Ten Today,1991-04-25,private,00:10:48,1157
Offer Spring,2015-08-01,public,15:54:33,1344
Situation Paper,2006-11-07,private,08:39:20,2540
Near Create,1992-12-03,private,12:56:56,1355
Through Whether,2023-03-13,public,18:22:25,1375
Person Teacher,2003-08-09,public,07:17:45,1494
Bit Front,1992-03-26,private,20:44:50,462
House Front,2005-02-04,public,18:34:23,1405
Money Arrive,1983-04-29,private,22:08:29,2424
Shoulder This,1984-01-08,public,15:29:36,2696
And Edge,1979-06-06,private,13:58:16,2230
Central That,2000-02-26,public,23:49:36,1987
Pull The,2016-06-11,private,14:43:24,2567
Factor Watch,1989-02-25,public,16:50:49,1012
Hit Past,2018-04-18,public,19:51:16,382
Thus Step,1992-10-17,private,14:35:33,2544
Market Wind,1999-06-01,public,01:32:10,1399
Cell Herself,2013-02-06,public,04:20:30,476
Man Goal,1986-09-07,public,10:12:38,242
Support Make,1972-06-30,private,06:33:04,2749
Wide Financial,2004-09-02,public,12:05:44,1515
Personal Risk,1985-02-01,public,11:09:54,2105
Do Which,1984-10-15,private,02:35:51,2347
Sit Sing,2014-09-24,private,08:11:11,2622
Fear Deep,2017-10-09,private,10:23:31,1996
Story Industry,1982-09-05,public,07:14:55,2930
Work Decision,1976-08-11,public,03:10:46,3000
Hard Five,2011-08-30,private,17:15:53,2282
Response Expect,2008-12-05,private,06:54:57,1423
Develop Option,1997-01-15,private,07:54:04,2738
Ground Itself,2007-07-03,private,06:27:44,2103
State Raise,1992-05-18,private,15:51:51,2760
Doctor Difficult,1992-01-07,private,13:36:57,1883
Environmental Already,1971-03-26,public,13:14:14,2209
Physical Easy,2001-02-15,private,02:55:15,103
Buy Necessary,1982-09-20,private,16:46:08,1765
Star I,2013-08-31,private,08:08:54,3131
Agree Message,2018-06-16,private,06:10:50,88
Though Give,2009-08-29,private,12:32:55,1712
By Summer,2008-09-14,private,20:25:52,1708
Actually Drive,1982-12-29,private,18:52:54,1637
Grow Themselves,2009-02-13,public,12:45:57,3159
For Race,1992-11-07,public,06:01:23,2730
Ok Not,1999-09-26,public,06:13:34,1796
Focus Place,2021-12-29,public,16:40:40,1177
Front Appear,2000-12-15,public,16:00:26,1257
Billion Thought,2021-05-13,private,10:52:16,3202
Simply Everything,2006-04-07,private,16:33:22,711
And Sea,1994-02-12,public,20:37:32,2581
Growth Watch,2022-03-30,public,16:17:39,2114
Center Interest,1996-07-21,public,09:42:38,1459
Pretty Ok,1994-01-16,public,13:36:32,792
Pay Again,1983-10-23,private,14:39:46,1776
Fly Might,2019-01-23,private,02:06:44,1469
Institution Brother,2002-05-17,private,22:48:25,2476
Mission Music,1998-03-16,private,16:36:54,603
Capital Employee,1971-11-18,private,03:02:45,1126
Either Agree,1973-04-28,private,18:14:57,411
Activity Likely,1998-04-29,public,16:40:55,1137
Leg No,2007-02-24,private,09:43:22,366
Check Sea,2022-05-13,private,16:18:06,2135
These Ago,2007-08-06,private,21:45:44,2006
Step Memory,2013-03-22,private,10:19:01,3116
Try Often,1979-11-09,private,14:00:01,2615
Return While,2001-09-18,private,11:36:04,3210
Tell Bar,2002-12-06,public,04:15:34,862
Owner Party,2015-10-04,private,21:51:54,2334
Care Put,1978-03-10,public,01:08:40,2584
Decade City,1978-08-25,public,20:16:34,1221
Couple Value,1971-12-04,private,20:21:17,1938
Officer New,2013-10-04,public,02:34:20,2370
Few Message,2023-09-21,private,07:57:54,762
Particular Skill,1972-07-30,public,15:38:32,845
Something Process,1974-05-14,private,09:43:50,1269
Water Partner,2002-02-08,private,14:02:59,921
Chance Adult,1972-03-21,public,23:24:46,2373
Certain Industry,2013-11-14,public,17:20:06,393
No How,1981-03-02,public,20:27:02,106
Know Stand,2012-11-17,public,08:09:32,1298
Including Civil,1993-09-07,public,19:28:36,920
Project Certainly,1977-05-21,public,12:32:39,795
Me Next,1988-05-08,private,20:45:13,483
Word Start,2016-10-17,private,12:34:53,1986
Now Young,2017-10-14,public,22:13:37,2915
Power Action,2019-12-29,public,17:03:52,1097
Fire Start,2009-04-22,private,02:27:17,3374
Yet Tend,1971-12-15,public,15:14:01,3356
Reduce Despite,1986-03-10,public,09:52:45,3336
Maybe Second,1989-04-17,private,06:21:35,525
Care Focus,1976-04-08,private,10:57:55,2016
Charge Main,1990-11-20,private,12:10:30,1524
Religious Every,1980-09-08,private,01:36:17,1904
Week Road,2005-09-24,private,21:28:41,1575
New Local,2021-08-28,private,22:24:19,2690
Level Alone,1974-09-28,private,02:03:13,3375
Argue Current,2017-08-24,public,13:44:44,783
Near Great,1975-02-22,private,00:23:31,3394
Today Hold,1973-01-24,private,03:00:28,477
Parent Pretty,1990-06-21,public,04:26:29,582
This Around,2007-02-27,private,12:59:54,1942
True Describe,2013-01-04,private,07:18:29,1462
Meeting Not,1999-06-06,public,00:11:19,3181
Think Program,1998-07-22,public,23:56:31,663
Among Hit,1976-10-29,public,11:38:21,2481
Growth Improve,1971-03-02,public,18:07:32,2904
Field Politics,1984-02-25,public,16:04:04,40
More Office,1990-01-31,public,12:58:06,2793
Feeling Middle,2000-09-22,public,10:14:21,2688
Act Animal,1980-05-05,private,17:35:50,2533
Money In,2023-07-17,private,21:32:26,2270
Arm Social,1975-01-08,private,19:19:03,1680
Read Watch,2012-08-27,private,09:31:33,1667
System Style,1981-12-06,public,19:27:58,98
He Six,2003-10-01,private,15:38:00,1072
Kitchen Us,2004-12-26,public,08:58:41,2251
Program Call,1987-04-15,public,13:35:12,3053
Vote Watch,1972-01-31,private,19:49:11,616
Everyone Owner,1994-02-02,public,14:27:54,3428
Within Amount,1980-07-31,public,11:53:21,772
Door Same,1973-01-01,public,05:53:01,707
One Interest,2022-07-13,private,03:40:43,442
Trip More,2020-08-26,private,13:02:46,2923
Child Billion,1994-10-20,public,08:34:07,114
Tonight Feel,2001-08-10,public,01:20:38,547
Star Laugh,2022-08-13,private,15:31:08,1571
Along Wear,1998-12-22,public,13:48:26,2624
Near Fly,2008-02-16,private,10:13:39,2551
Tree Life,2000-03-20,private,06:12:36,2273
Show Back,1975-02-02,private,18:13:36,2507
Manager Republican,2020-10-23,private,03:00:45,1929
Walk Land,2020-11-25,public,02:01:28,1688
Fine Experience,2012-07-11,private,14:40:39,2477
Stay How,1970-05-28,public,16:02:32,820
Others Parent,1989-12-17,private,21:38:10,2172
Model Agreement,1996-05-01,public,08:54:17,928
Middle Support,2014-05-13,private,07:35:13,1671
Up Listen,2021-01-23,public,03:40:25,584
West Thus,1971-11-29,public,02:28:34,1818
Apply Tonight,2023-05-28,public,15:36:53,280
Design Wish,1995-08-07,public,03:49:08,2207
Test Through,1976-02-23,private,01:52:04,1102
Say Customer,2020-06-04,public,23:28:59,2422
Theory Fly,2023-03-08,private,10:08:47,362
Act Charge,2004-06-13,private,15:38:18,816
Recognize Business,1992-05-18,public,09:40:25,2791
Pay Might,2001-11-15,public,12:00:35,234
Hold Far,2002-07-24,private,15:44:54,64
History Together,1987-12-01,public,23:13:45,1384
Western Again,1983-01-31,public,00:05:10,3158
In Half,1971-02-06,public,18:40:07,2026
Manage Serve,1991-02-21,public,14:14:24,698
Wife Apply,1974-05-19,public,17:19:11,230
Between Central,2020-08-15,public,05:01:28,644
Involve Owner,2008-08-02,public,01:08:40,3077
Take Term,1981-08-18,public,17:04:36,389
Organization Never,2006-01-05,private,07:46:04,2993
Beautiful Discover,2022-10-19,private,01:21:50,956
Where Meeting,2005-06-06,private,00:00:16,1765
Remain Over,2012-11-22,public,04:11:25,2933
Available Process,2004-03-30,private,11:50:39,1992
Box Long,2008-05-26,public,22:15:26,2518
Nearly Some,1983-02-26,private,17:05:53,558
Old Realize,1987-10-30,private,15:24:02,2969
Cost Anyone,2002-09-11,public,07:42:32,2423
Perform Skin,2001-04-01,public,16:47:25,830
Available Pay,1981-02-07,public,07:22:36,3098
Street Court,2023-05-23,public,10:19:42,332
House People,1995-05-30,private,04:00:52,876
Bill Improve,2001-11-24,public,15:08:38,2293
See Number,1974-02-28,private,20:26:18,2331
Mission Republican,1984-08-10,public,10:02:42,641
Room Stuff,1972-03-26,public,23:47:23,1138
Fear Factor,1973-01-27,public,20:23:56,1880
Bad Happy,1983-02-17,public,12:42:32,1042
Into Election,1995-07-22,private,17:58:46,2479
Lawyer Keep,2023-03-21,public,07:19:29,2339
Result Peace,1977-11-29,private,22:53:30,1658
Answer Box,2002-06-17,public,07:46:51,2413
Lose Save,1997-02-26,public,05:11:32,561
Machine Amount,2003-02-26,public,09:10:49,3353
Discover Participant,2007-04-19,private,04:22:41,1399
State Dog,2010-11-04,public,04:31:30,1483
Particularly Marriage,1984-02-19,private,08:49:35,429
Foreign Dinner,2001-04-21,private,17:14:06,2921
Loss Down,1976-09-26,public,21:04:41,1037
Call History,1995-11-09,private,04:49:44,1072
Peace Check,1978-08-06,private,19:19:19,641
Science Feeling,2013-05-24,private,13:39:34,196
Future Concern,1984-12-06,public,13:22:02,2672
Purpose Who,2010-11-22,public,02:15:09,2622
Charge Simple,1994-12-26,private,07:59:05,1591
Travel Mean,1989-06-27,public,06:13:05,1658
Will Keep,2018-10-28,private,12:51:00,1461
Authority Like,1991-01-31,public,12:15:09,1872
Both Financial,2012-08-28,public,17:58:44,1655
Same Describe,1988-05-08,private,07:44:45,2074
All None,2004-11-13,public,17:23:52,422
Onto Answer,2021-02-28,public,04:45:05,1227
Doctor Thank,2004-07-16,public,17:27:27,3220
Actually Approach,2017-08-05,public,12:00:42,3159
Southern Charge,1970-11-11,public,08:29:45,1020
Floor Together,2009-01-28,public,14:34:55,3280
Turn Pass,2010-09-28,public,13:50:01,2512
Thing Occur,2012-05-20,public,04:18:23,6
Court Production,1996-03-25,private,16:08:03,1369
Everything Factor,2005-04-02,public,05:06:56,1507
Goal On,2001-03-30,public,19:46:54,1054
Success Store,1984-01-24,public,13:42:29,1790
Hold Character,2010-04-18,private,16:08:55,1494
Several Idea,1993-06-18,private,14:24:38,2335
Serious Around,1983-07-11,public,21:44:53,2295
Tend Public,2004-05-22,private,01:11:09,515
New Appear,2006-11-28,private,01:10:18,2237
Before Also,1992-04-08,private,15:48:24,2952
Decision Rock,1984-05-18,private,19:32:16,403
Bag When,2017-12-27,public,12:32:06,1499
Nearly Build,1990-01-16,public,17:37:23,776
Next Place,2019-05-22,public,14:48:33,1667
Read Investment,1980-08-21,private,16:15:10,2896
Plan Gun,2005-02-23,public,22:22:35,1548
Computer Different,2003-08-13,private,12:05:53,2865
Majority Support,2000-09-23,public,18:17:47,1285
Community Bank,2002-04-23,private,23:34:47,1820
Shake Wall,2004-03-10,private,16:57:45,3334
Around My,1987-11-18,public,03:22:31,2180
Owner Decide,1983-01-29,private,16:11:39,3289
Who Center,1982-02-04,private,11:18:34,2316
Why Writer,2017-08-10,public,13:42:14,43
Like Surface,1997-11-29,private,11:42:18,2578
Would Follow,1985-07-27,private,00:57:14,468
Answer Fish,2023-06-25,public,14:00:35,1422
Court Happy,2007-11-12,private,12:36:22,1705
Common Central,1988-06-29,public,13:54:00,1073
Indicate Book,2020-01-30,private,02:26:15,58
Report Than,1973-11-06,private,20:03:33,3112
State Military,2001-04-21,public,12:28:30,2020
Establish Family,2009-03-08,public,15:49:38,1581
Work Any,2001-05-25,private,04:43:16,2770
Book Business,1977-09-05,public,08:51:27,3272
Floor Official,2006-01-14,public,18:58:50,3195
Society Maintain,2016-06-06,public,04:29:08,744
Cell Country,1972-08-21,public,15:55:38,1629
Attention Bit,2006-11-22,private,18:10:07,2355
Why Voice,1979-05-24,private,09:34:59,129
International Word,1981-12-20,public,09:12:33,1638
Product Participant,2008-06-26,public,02:50:39,3229
Community Something,2022-06-09,public,00:42:18,49
Find I,1981-10-28,private,05:19:32,1162
Wide Generation,1994-05-15,public,16:20:09,597
Perhaps That,1997-03-17,private,17:52:04,1891
Him Day,1994-11-18,private,09:53:21,27
Defense Trade,1994-03-07,public,21:51:55,2541
Age Political,2012-06-06,private,16:43:29,383
Then Third,1989-10-25,public,08:44:28,97
Western Detail,1985-03-28,private,07:22:21,999
Mr Stuff,2006-11-29,public,11:34:28,2010
Suddenly Development,1995-10-26,public,07:20:54,2579
Table Responsibility,2002-03-31,public,22:38:17,3474
Month Question,2014-02-20,public,18:31:33,2673
Build Difficult,1986-09-21,public,15:41:08,193
Decade Music,2006-04-28,private,16:59:36,1871
Seek Star,1975-02-23,private,18:19:46,1302
Attack Great,2022-04-11,private,06:23:16,1494
Account Lawyer,1994-01-01,private,20:12:09,1307
Over Imagine,2017-09-09,private,03:51:35,3238
Bag Remember,1973-12-29,private,17:10:41,777
Hot Table,1988-06-15,private,01:11:17,305
Artist Well,1975-05-26,public,06:19:27,1294
Style Everybody,1978-04-19,private,02:21:20,1924
Health Answer,2014-04-19,private,07:53:51,2108
Recognize Chair,2016-09-17,private,17:08:57,1427
Well Age,2021-10-22,public,19:32:08,2480
Big Little,2002-06-28,public,05:43:37,613
Trip Require,1972-03-11,private,04:29:40,3348
Wide Test,2015-06-08,public,07:01:58,2228
Family Finish,1979-10-10,public,07:33:40,666
More Laugh,1992-04-10,public,09:37:27,1582
Career Effort,1983-07-10,private,17:07:19,1672
Would Worker,1974-02-22,private,22:14:06,627
Worry Run,1998-12-30,public,13:40:57,2461
Me Group,1984-08-16,private,11:04:58,1140
Glass Poor,1980-02-20,private,15:55:56,1147
Scene Government,1990-02-07,public,09:19:16,2156
For Treat,2006-08-05,public,09:13:36,3232
Staff He,2014-10-02,private,13:21:24,61
Special Ball,2005-06-17,private,06:44:09,3080
Determine Dark,2015-04-10,private,00:15:41,1744
Paper Look,2006-01-04,private,19:23:00,1930
Customer Really,2019-01-02,private,16:37:54,2977
Attorney What,2008-01-27,public,05:19:50,239
Subject Ever,1981-05-19,private,19:43:05,1668
Available Drug,1993-02-20,private,02:15:26,2473
Agree Federal,2008-12-03,private,17:40:42,1310
Election Them,1987-08-07,public,14:52:13,166
Network Husband,1980-07-07,private,11:14:40,3011
Beat True,1978-11-06,public,18:32:37,1415
Include Measure,1996-09-19,public,06:09:58,1924
Population Water,1991-10-05,private,09:13:43,917
Gun Evening,1990-03-01,private,14:40:53,936
Give Remember,2022-09-26,public,14:01:03,2772
Sing Size,2023-12-04,public,05:27:51,1924
Fall Least,1973-09-09,private,15:53:37,3320
Tonight Cold,1998-12-05,private,05:46:22,2500
Magazine Plant,1972-07-28,private,06:32:18,1722
Night Before,1974-12-20,public,05:39:20,969
Manager Administration,1971-05-01,public,07:10:08,1044
Capital Raise,1979-05-27,public,11:46:55,458
Never Them,1974-11-03,private,06:51:50,407
Reveal Late,1971-03-28,private,17:25:53,1505
Policy Risk,1982-12-25,public,20:25:45,83
And Writer,1979-12-05,private,18:09:32,33
Leave Development,2005-07-08,private,03:47:19,2783
True Staff,1972-01-17,public,00:39:49,2137
Environment Act,2004-10-31,public,02:10:52,2123
Two Century,1995-06-10,private,03:19:24,2505
Training Positive,1998-02-20,public,11:03:49,54
Any Industry,2008-10-19,public,18:05:30,2661
A Score,2005-06-04,private,11:14:30,120
Traditional Test,2012-08-08,public,01:52:38,2578
Medical Risk,2009-10-28,private,00:28:29,2877
Despite Sea,1998-03-03,private,21:00:08,1455
Writer Minute,1974-01-16,public,09:39:34,1045
Region Street,1988-06-07,public,23:51:27,2425
Figure Indicate,2017-05-31,public,23:59:22,2156
Cut Feel,2018-07-31,public,13:36:05,695
Note Size,1973-06-14,private,17:50:14,1413
Six Concern,1975-08-06,public,01:00:08,2216
Support Already,1970-03-28,public,07:35:46,1708
Bar End,1994-01-09,public,00:34:24,3130
That Also,2012-09-03,private,06:07:03,3166
Follow Build,2003-03-26,private,16:02:21,55
Near Yes,2016-02-07,public,14:15:54,199
Street Marriage,1987-01-15,private,05:07:09,595
Attention House,1973-05-11,public,00:13:59,1139
Audience Bag,2004-07-11,public,09:52:58,1781
Method Our,1973-09-25,public,00:57:33,551
Now Network,1979-10-07,public,12:14:19,486
Source About,1982-12-16,public,07:10:18,546
Herself Recognize,2021-02-01,public,10:13:59,2324
War Own,2001-12-26,public,00:36:03,281
Effect Enough,2021-10-01,private,00:31:12,1045
Painting Simple,1988-03-07,public,12:27:49,1497
Garden Bar,2002-11-11,public,07:09:24,1646
Author Trial,1990-09-05,private,01:21:26,2911
Church Last,1981-01-10,public,15:00:47,1705
Resource Republican,2005-03-05,public,23:17:47,2406
Ask Else,1976-12-31,public,04:28:00,1806
Will Career,1976-12-13,private,11:08:25,1628
Tell At,2011-09-18,private,22:42:20,2344
Us So,1992-08-20,public,19:53:12,330
Do Human,2015-11-03,private,01:21:26,1489
Put Fact,2002-06-10,public,08:12:16,2657
Popular Imagine,2020-05-15,private,13:53:24,493
Southern Customer,1998-04-06,public,15:20:54,638
Meet Require,2013-05-28,public,18:24:55,399
Miss Single,1998-07-12,private,14:13:25,418
Onto Place,1999-09-13,public,03:16:34,1812
Everyone Yet,1989-05-30,private,06:56:35,767
Media Reveal,2001-04-09,public,07:31:29,2542
Leg Foot,1975-09-25,private,12:25:10,1881
See By,2001-10-04,private,15:03:44,1563
Soon Whose,1985-08-23,private,03:39:49,2953
Still Edge,2006-02-13,public,13:44:15,1479
Whether Cover,2001-09-13,public,16:10:01,281
Value Yard,2015-06-20,private,17:11:54,492
Range Half,1992-09-21,private,01:19:38,322
Research Discuss,2002-08-17,private,15:53:07,17
Thing Will,1989-05-06,private,09:19:25,626
Republican Radio,1995-01-01,private,04:13:14,789
City Traditional,2014-12-21,private,17:24:17,2426
Another Agency,2016-05-18,private,19:04:00,89
And Seven,1999-03-21,public,10:30:01,1861
Notice See,1976-05-08,private,20:22:29,2633
Off Wide,1989-12-14,private,04:25:10,387
Move Four,2015-12-30,private,04:04:09,1852
Consumer Right,2020-09-17,public,08:15:34,430
List Three,1981-05-11,private,09:44:30,2794
Paper Determine,2013-01-22,private,17:01:11,1061
Care Common,2012-07-11,public,06:45:53,2791
Need Box,2020-07-10,public,02:36:25,1365
Mouth Those,1976-09-22,private,01:30:44,89
List End,2001-06-08,private,12:43:20,3340
Find Hot,2015-06-18,public,12:07:06,1590
Describe Road,1992-11-24,private,14:06:38,3301
Across Dream,2019-09-19,private,21:36:27,2186
Hard Better,1983-03-11,private,14:33:34,1938
Should Visit,2019-03-19,public,03:22:06,2522
Western Common,1981-09-28,public,12:39:18,3212
Drop Pass,1996-03-11,private,11:42:21,1802
My Hope,2007-06-06,private,17:35:10,2949
Fine If,2023-02-09,private,17:05:25,1033
Seat Next,1978-11-13,private,05:39:44,1487
Letter News,1973-02-15,public,15:17:17,1145
Remember Three,2006-01-17,public,07:37:21,308
Local Peace,2013-01-23,private,18:26:49,3248
Increase Bank,1989-03-16,private,15:37:58,2433
Management Site,1982-07-09,private,23:00:31,1663
Tv According,2018-07-25,public,12:42:12,3294
Finish Standard,1997-04-23,private,09:50:04,2398
Air Anyone,1989-07-31,public,19:16:21,3451
Stage Though,1971-05-24,public,17:00:26,2871
Find Design,1980-11-20,private,17:43:11,1614
Today Need,1988-01-05,private,02:25:46,3034
Store Establish,2018-11-22,public,07:34:25,2503
Theory Speak,1984-03-21,private,04:13:29,3190
Article Identify,1976-09-02,private,22:23:51,403
Worry Glass,1970-04-04,public,21:39:29,874
Minute Mind,1997-04-02,private,22:19:47,1924
Range Kitchen,1983-08-15,public,08:20:52,2617
Behavior Bit,2005-02-22,public,17:47:14,3172
Stuff Production,1973-08-13,public,10:03:23,1759
Just Product,2017-10-12,public,01:14:17,978
House Part,1973-05-22,private,20:00:41,1668
Money Fish,2001-09-29,private,04:07:12,3252
Trial Thus,1997-10-20,private,07:07:15,2332
Politics Who,2001-10-25,private,16:29:32,1051
Point Bag,2017-10-24,private,09:51:26,1043
Food Very,1984-10-11,public,17:09:06,449
Sell Experience,1975-10-09,private,14:38:17,16
Lay Wind,1979-06-01,private,10:25:20,1314
Call International,1987-05-31,private,09:58:01,2649
Ground Project,1977-08-08,private,12:14:25,3235
Yourself Pretty,2023-10-19,public,19:21:49,3477
Care According,2000-02-17,public,07:36:21,868
Debate Specific,2012-02-07,private,22:35:31,2233
Once Approach,1972-03-27,public,06:34:28,2240
Perhaps Add,2016-11-07,private,13:38:05,2715
Area Child,1989-12-22,public,12:38:16,681
Paper Movie,1977-07-27,public,06:58:25,2624
Performance Civil,2001-04-25,private,23:55:09,307
Indicate Data,1990-11-08,private,04:57:02,2785
Heart Mission,1991-10-29,public,17:23:08,2453
Network Type,1998-02-03,private,03:48:47,441
Civil Window,2020-09-23,public,20:56:59,607
Full Cold,2013-09-24,public,02:52:58,3126
Cut Cup,1977-02-08,private,06:57:01,3331
Beyond Change,2015-01-04,public,05:09:31,1211
Current Four,1976-04-13,public,06:32:10,2164
Certain Range,1981-05-02,private,15:35:34,631
Two Good,2000-02-09,public,20:34:58,2002
May Financial,1984-06-05,private,03:06:17,1797
Possible Material,2008-05-23,private,05:20:17,1433
Visit Nice,2015-10-12,private,15:47:13,1792
Side Born,2000-03-24,public,07:59:49,3224
Figure Into,2022-04-23,private,14:55:26,72
Produce Marriage,2022-11-06,private,19:45:33,21
Best Owner,1983-06-18,private,04:13:11,148
Television Key,1975-12-08,public,21:32:04,757
Kitchen Case,2020-04-12,private,20:05:21,2675
Say Specific,2006-07-09,private,04:13:07,504
Specific Dark,2003-03-09,private,17:22:44,464
Movement Still,2003-04-28,private,16:21:27,2719
Science Think,2018-02-09,private,19:28:12,3001
Opportunity Apply,2019-07-02,private,11:37:49,281
Factor Color,2022-07-05,private,15:25:24,276
Kid Blood,1978-03-24,public,23:58:32,595
Investment Difficult,2013-06-21,public,14:35:13,2156
Road Wide,2014-11-25,private,16:36:36,3418
Push Level,1981-04-25,public,14:13:09,1819
Ten Still,2002-06-03,public,02:46:17,448
Draw Ask,2019-08-18,public,23:34:50,2832
Skill Candidate,1985-07-15,public,10:39:48,1779
Wife Career,1980-09-11,private,22:19:44,522
With Him,2001-01-11,private,09:55:55,1194
Whatever Include,1984-02-21,public,20:31:38,3269
Away Executive,2006-04-19,private,19:25:17,1850
System Whether,2001-01-08,private,01:05:01,2449
Executive Impact,1986-10-27,public,21:23:17,168
Stop Customer,1986-08-08,private,07:44:17,2406
Military Ask,1977-10-30,private,13:57:13,2833
Environmental Plan,1981-04-29,public,15:18:59,367
Inside Consumer,1971-12-07,public,01:55:36,2371
Special Popular,1973-09-21,private,10:05:57,3335
Wish List,1978-07-23,public,04:02:25,1545
Order Scene,1983-04-30,private,16:34:20,124
Paper System,1985-02-05,private,08:19:32,3208
Be Mother,2005-01-19,private,19:53:45,1459
Yes Treatment,2005-09-23,private,23:52:52,968
During Adult,2010-01-17,public,12:50:33,1319
Kid Recognize,1986-12-29,public,21:40:07,2097
Structure State,1974-06-04,private,12:32:20,2327
Town Environment,1989-11-09,private,03:58:55,2272
South Wife,2007-03-10,private,16:07:02,3215
So Offer,1988-03-26,private,21:34:37,2293
Strategy Manage,1984-06-02,private,07:50:37,2165
Food Tell,2018-04-06,public,07:05:14,3061
List Bag,2019-04-10,private,19:07:46,1457
Law Standard,1988-04-16,public,09:50:18,1991
Side Upon,1976-02-22,private,12:49:14,1640
Write Reason,1990-05-17,public,11:22:42,423
Early Ready,1977-12-28,public,16:10:41,2460
Especially Once,1987-12-29,public,09:20:39,1727
About Pass,2003-02-23,private,18:57:09,2507
Business Hand,1999-01-01,private,00:28:41,900
Big Strong,1984-07-03,private,11:25:43,1694
Put Wish,2008-01-08,private,02:42:11,980
Audience Stage,1994-03-28,private,14:05:51,1787
Party Town,1972-09-16,public,20:55:37,745
To Other,1977-03-11,private,15:43:34,2625
Mother War,2009-12-05,private,14:53:17,644
Security Month,1988-08-05,private,22:36:28,3220
Break Notice,2016-11-08,private,01:24:15,2508
After Win,2020-12-26,private,23:24:33,323
Movie News,1981-05-12,public,05:06:42,53
New Stay,2000-10-06,public,11:28:41,1885
High Director,2000-10-11,public,13:23:31,2018
Interesting Those,2008-03-17,private,20:57:41,1666
Inside You,2003-03-21,public,06:43:49,2206
Rate Pm,2014-03-11,public,08:45:19,86
Discover Less,1979-05-29,private,22:21:50,314
Vote Build,1993-07-17,public,10:56:25,27
Believe Industry,2004-08-24,public,07:20:57,2442
Difference Quickly,1975-01-01,public,03:36:45,181
Film Parent,2006-03-20,public,22:44:43,2019
Mission Than,1989-02-05,public,18:31:15,418
Same Issue,1970-08-10,private,00:42:55,1144
Material Sign,2016-12-31,public,16:24:07,1486
Brother Behavior,1974-03-07,public,19:19:36,1041
Experience Deal,2016-10-22,public,23:56:45,12
Education Democratic,2019-02-01,private,08:12:20,3407
Which Prove,1996-10-06,public,12:43:09,2191
Have Road,2007-04-07,public,10:01:45,2588
Before Image,2019-12-10,public,17:09:58,128
Forget Authority,1990-02-15,private,01:46:19,213
Write Bank,1977-11-03,public,13:35:21,330
More Early,1977-08-26,public,17:54:14,2324
Main Have,1971-03-24,public,18:41:47,365
Usually Prove,1986-01-21,private,22:28:44,1662
Almost Interesting,1990-09-17,public,20:37:21,881
Score Car,2019-05-18,private,13:29:35,768
Big Player,1971-07-15,public,07:50:01,277
Remain Until,1987-04-25,public,03:08:11,1127
Marriage Event,2009-10-11,public,23:44:42,1097
Direction Feeling,1995-12-18,private,06:52:39,2367
Suddenly Leave,1988-09-04,private,14:59:10,1568
Agency Across,1988-03-27,private,02:07:50,1103
Well Pull,1987-11-09,public,10:59:12,3421
Popular Every,1981-09-22,private,20:29:52,1295
Table Ten,1978-10-19,private,08:45:57,272
Defense Learn,2014-08-13,public,02:35:41,3443
Experience Population,2004-06-12,private,22:19:39,3056
Agreement Structure,2003-07-29,private,07:54:30,2071
Fund Future,1990-10-20,public,02:28:05,1770
Again Sing,1978-06-16,private,05:33:48,762
Mean Future,1994-05-14,private,12:55:03,1331
Skin Back,1998-04-07,public,09:23:49,1236
Finally Establish,2009-12-09,public,02:19:09,3485
Indeed Send,1992-06-24,public,04:58:04,638
Agent Official,2007-07-15,private,21:36:05,1503
Left Right,2013-11-22,private,08:04:01,2974
Why Most,1981-02-12,public,23:46:05,954
Level Least,2019-04-07,public,14:13:21,527
Condition Live,1993-09-19,private,14:51:04,2197
Travel Five,1971-03-29,private,21:29:36,2408
Artist Law,2014-03-07,private,00:48:30,50
Road Question,1997-09-19,public,02:10:06,2251
Source Whom,1974-03-06,public,14:07:13,2634
Notice Finally,1982-02-28,private,09:19:59,2643
Politics Cost,1988-04-02,private,18:45:20,1400
Eat Than,2022-03-18,public,11:19:34,2307
Whole Majority,1989-02-18,public,02:46:36,1674
Skin Position,1992-09-12,public,19:00:08,343
Never Owner,2001-04-29,public,21:01:43,3193
Look Account,1986-07-21,private,08:31:10,1762
Mrs Together,2006-04-24,private,11:18:01,2344
Finally Red,2022-03-03,public,21:12:49,445
Because Fight,2011-09-15,public,16:46:23,569
Key Heavy,2004-05-28,public,01:36:56,917
Avoid Friend,2007-11-03,public,05:58:53,177
Test Like,2005-10-29,public,14:14:41,808
History Film,2004-03-18,private,00:25:30,652
Certainly News,1999-07-09,private,22:37:50,2606
Night Realize,1978-11-26,private,10:27:08,584
Can Affect,1993-09-18,public,16:59:14,2032
Pick Carry,2016-01-19,public,07:26:11,443
Activity South,2001-02-04,public,00:16:00,3025
Process Magazine,1978-06-04,public,08:07:20,2820
Experience One,2002-11-21,private,00:48:25,2294
Run Instead,2015-01-31,public,13:58:23,302
Cover Clear,1971-02-07,public,08:57:33,759
Person Range,2005-01-31,private,08:22:36,3481
Gun Hotel,2007-01-24,public,13:35:50,2945
Bill Threat,1974-07-26,private,13:44:37,1467
Plant Defense,1971-09-21,public,02:41:04,3112
Write Son,2010-08-26,public,09:15:43,2990
My Let,1995-12-12,private,21:07:22,1585
Newspaper Miss,1975-12-31,public,01:40:37,3045
Reflect Beyond,1975-01-29,public,12:41:02,297
Into Effect,1987-09-19,public,09:36:53,1764
Station Because,2001-11-26,public,04:10:23,1198
Upon World,2013-05-02,public,08:27:31,2003
Fight Even,1977-09-14,public,03:14:04,1701
Travel Recent,1971-08-03,public,04:30:42,1905
Million In,1988-03-20,private,14:27:43,1092
Late Actually,2004-01-25,private,15:23:09,710
Within Reason,1990-11-28,public,10:21:43,2546
Clear Fly,1995-09-29,private,15:42:16,3352
Rise Section,2005-03-02,private,22:46:53,2056
Why Despite,1974-06-30,private,10:59:11,157
Try Debate,2002-07-08,public,10:42:05,2992
Hold Usually,1978-09-04,public,12:52:40,1591
Worry Stop,1995-01-30,private,12:49:03,2472
Beyond End,1971-03-02,public,10:14:36,2088
Author Couple,1983-06-17,private,14:46:59,565
One Drop,2016-02-29,public,01:14:45,1790
Tend Discover,1986-06-26,private,22:00:06,1844
Special Son,2012-10-17,private,06:55:30,804
General Team,2021-05-07,public,18:13:40,291
Economy Four,2005-01-24,private,11:39:46,580
Good White,2015-12-03,private,23:17:23,331
Rise Ability,1981-09-05,private,11:52:57,2927
Say Former,1976-11-24,public,11:40:57,460
Place Shoulder,2023-06-18,public,03:54:51,2239
National Product,1977-06-24,public,02:54:13,2659
Federal Speech,2002-08-16,public,19:44:24,2376
Score Idea,1991-02-19,private,11:33:04,2783
Line Watch,2010-12-14,private,01:52:19,2313
Reveal Off,1986-08-18,private,17:51:25,1606
Choice Difference,2020-12-08,private,18:28:03,1120
Last Between,2019-06-13,public,01:34:57,2136
Floor Inside,1994-08-14,public,02:40:15,334
Over Enter,1976-06-22,public,04:15:30,3423
Truth Assume,1996-07-12,private,10:18:39,41
Drug Part,1999-09-11,public,22:44:50,1773
Business Develop,1982-05-11,public,07:35:27,2056
Rate Air,1997-06-04,public,12:26:59,2801
Half Laugh,2005-08-26,public,10:32:58,2292
Head Not,1998-01-31,public,18:53:21,276
Great Yard,2015-08-16,public,08:38:04,919
Tend Card,1985-06-02,private,02:47:24,7
Degree Coach,1988-08-26,private,09:39:44,714
Pull Few,1973-09-30,public,03:30:44,2141
Over Person,1991-12-06,public,20:58:57,1215
That Box,1983-10-08,private,01:05:57,2995
Wish Sit,1998-12-15,private,03:41:05,1351
Through Apply,2017-06-30,private,07:10:37,1252
Employee Analysis,1971-08-14,private,11:10:27,242
Need Voice,1985-04-16,private,15:51:40,574
I Open,1990-07-19,private,19:48:35,1192
Able Wonder,2001-07-17,private,14:01:34,1336
Week Free,1972-07-18,public,01:02:46,2072
Two Economy,2018-02-06,public,06:20:38,2104
Team Cause,1978-08-31,private,14:46:51,3042
Research Exactly,1993-08-17,private,01:39:24,1478
Store Ago,2016-06-22,public,16:52:58,3276
Side Speech,2022-10-11,private,13:09:09,3134
Serve Poor,2012-05-10,public,01:33:29,757
Sometimes Arm,1980-07-08,public,23:56:52,3238
Act Opportunity,1984-05-23,private,00:11:41,1339
Clearly Send,2006-03-20,public,18:53:32,2326
Minute To,2017-02-19,public,18:19:14,2198
Share Region,1976-01-04,public,09:50:50,1466
Strong Approach,2006-08-31,public,13:51:04,2572
Thank Major,1996-08-21,private,11:25:59,1422
Still Others,1979-07-08,private,21:43:15,1771
Science Share,1972-01-19,public,08:37:57,3100
Family Project,2022-12-27,public,17:37:07,1763
Tell Section,1994-10-29,private,03:55:13,1335
Allow Wish,2015-08-01,public,10:28:32,577
Whom Identify,1977-08-09,private,02:39:13,1981
Staff Direction,1984-10-14,public,16:29:04,1201
Imagine Certainly,1983-09-13,private,21:05:16,3174
Claim That,2013-12-24,private,23:56:41,603
New Message,1993-02-27,private,12:38:26,104
Foot Word,1974-02-17,private,03:30:16,2819
West Act,2021-09-06,private,19:36:16,1184
Best Remain,1972-11-11,private,18:14:02,1579
Worker Far,2019-11-12,public,06:23:24,1012
Foot Officer,2001-06-11,public,15:16:35,512
South Price,2014-07-15,private,06:22:25,1279
Appear Discuss,1994-09-26,public,10:26:23,2961
Heavy North,1986-04-25,private,21:12:48,2576
Avoid Painting,2004-03-08,public,04:05:19,1040
Direction Result,1997-11-02,public,07:57:14,1093
View Challenge,1981-12-01,public,13:18:11,2799
The Should,1971-04-01,private,16:35:46,2458
Center Time,2005-11-30,private,02:41:44,2803
State Power,2020-12-10,private,00:07:08,2862
Factor Part,2009-07-26,private,18:01:08,2119
Evening Down,1995-03-01,public,06:29:21,2774
Bed Call,2008-02-26,public,22:49:31,2028
Staff Order,1974-11-01,private,03:55:58,2126
At Least,2016-12-27,public,18:04:59,2208
Study Young,2006-09-11,public,21:19:58,2793
Member Yourself,2022-06-18,private,19:14:20,3387
Technology Relationship,1998-11-06,public,21:26:26,448
Tv Fire,1994-04-08,private,02:14:26,496
Hundred Bar,2008-07-22,public,20:47:51,276
Cultural White,1991-09-19,public,15:32:49,2607
Even Out,2012-01-02,public,02:21:05,44
Control Dark,1972-07-27,public,11:48:01,2144
Adult Something,2014-12-26,public,20:05:50,919
Movie Woman,1994-01-18,private,00:32:21,934
Name Service,1978-09-27,private,00:27:31,576
Note Project,1987-04-16,private,10:15:45,2367
Traditional Control,1970-07-12,private,16:25:15,2811
Big Good,2008-03-11,public,10:04:18,1017
Trade Necessary,2017-04-05,public,02:07:11,167
Visit Pick,1995-12-01,private,04:16:11,1964
Fall Not,1983-02-11,private,15:42:21,724
Chance Daughter,1972-12-16,private,13:13:47,210
Arrive Speak,1983-04-03,public,08:36:44,2406
Cold His,2023-10-03,public,23:44:07,3089
Available Agent,1991-07-12,public,05:30:59,3087
Visit But,2008-02-23,public,20:26:51,2106
Employee Per,2020-11-04,private,14:53:47,2686
Food Huge,2021-07-29,public,07:39:04,1253
During Worker,1994-11-14,public,13:23:33,1907
Site Research,2016-10-16,private,11:27:45,1088
Part Development,1994-09-07,private,17:57:20,789
Free City,2021-08-11,public,19:08:04,3106
Matter First,2006-03-09,private,23:03:16,1713
Popular Ability,2017-08-22,public,18:55:43,438
None Ten,1972-04-28,private,13:10:09,1562
Throw Top,1998-11-01,public,22:28:52,866
Herself Loss,2016-03-26,public,15:24:09,2446
Bag Billion,2000-02-27,public,20:59:11,2262
Later Only,1999-04-05,public,13:45:26,1963
Trip Practice,1971-08-23,public,05:23:43,998
School Indicate,1999-01-19,public,04:14:42,1499
Person Model,2012-08-22,public,11:39:38,1815
Participant Present,2001-04-01,private,22:44:09,1076
Coach Near,2022-08-16,private,12:35:16,965
Type It,1990-08-21,private,14:39:08,2803
Never Year,1985-04-14,public,11:54:05,1382
Speak Save,2008-10-01,public,18:57:33,2769
Present Gun,1972-11-05,private,10:37:45,1032
Nation Design,1992-06-29,private,20:52:52,160
Everything Much,2020-07-23,public,13:12:28,2691
Coach Service,2020-07-10,private,12:26:18,3160
Mention Down,1979-08-22,public,04:49:15,1603
Some Leader,2006-04-13,private,20:05:22,2523
Single Rule,2007-06-24,public,10:43:59,2937
How First,1970-10-29,public,08:31:06,594
Read Address,2012-07-12,public,13:45:21,2715
Between Cause,2019-02-08,public,00:52:57,3087
Base Part,1991-05-18,public,01:18:53,2957
Point Level,1975-06-09,private,21:10:20,156
Local Both,2003-02-16,public,00:25:21,1942
Start Tax,1977-11-11,private,05:58:02,1908
System Give,2022-04-04,private,20:08:18,486
Treat Way,2009-05-10,private,23:45:46,503
Light Worker,1977-07-30,private,17:29:24,2972
Election Another,2012-04-11,public,00:56:42,1757
Country Never,2004-05-09,private,00:25:57,894
Myself Consider,1976-11-05,private,08:28:11,1551
Media Style,2003-10-09,private,23:07:47,893
Section Wear,1974-04-05,private,13:54:14,1937
Anyone Provide,1987-06-09,public,05:06:54,1415
Technology Training,1977-11-06,private,01:44:04,3132
Education Hour,2011-12-22,public,21:42:28,2610
Great Learn,1983-12-25,private,14:30:28,32
First Then,1979-02-07,private,09:39:45,3075
Note Past,1998-03-02,public,10:46:16,1197
A Again,2005-12-28,private,04:54:23,1989
Company Including,2007-01-25,private,17:57:38,23
Skill Statement,1970-12-22,public,03:57:40,1671
See Without,2011-06-02,private,04:53:09,96
Person Back,1983-03-25,private,17:35:33,1171
Anything Million,1989-05-22,public,00:27:37,327
As Agency,1973-02-25,private,00:10:23,1913
Heavy Gun,2000-12-21,public,10:25:27,1407
Should Produce,2009-04-04,public,16:44:34,2661
Big Site,2022-05-21,public,16:35:33,2356
Low Early,2004-12-02,private,10:40:05,653
Crime Goal,1970-10-02,private,19:37:58,1014
Bar Statement,2012-12-06,public,07:17:41,45
Inside Race,1985-03-25,public,07:35:53,2700
Up Role,1977-01-10,public,03:58:39,3308
Effort Yard,1982-06-24,private,20:04:27,986
Challenge Kind,2008-09-19,private,22:29:30,3195
Process Step,2019-08-26,private,10:41:30,55
Store Minute,1980-05-22,public,11:00:13,1332
Apply Agent,2020-02-22,private,11:24:14,436
Peace Present,2017-11-29,private,22:31:50,880
Reduce Six,2000-08-22,private,02:49:15,2255
Their One,1975-04-14,public,14:54:30,205
Stuff Lay,1972-09-28,public,20:42:51,63
Ability Mouth,2008-11-25,private,14:52:40,2178
Whether Change,2009-12-08,public,17:20:57,961
Against Put,1995-09-24,public,08:28:15,2372
Fund Water,1971-09-18,public,23:18:21,3360
Indeed Thing,1998-01-21,public,19:34:44,2805
State Could,1991-10-10,private,02:57:02,1821
Why Life,1970-05-21,public,10:55:35,1943
Leg Born,2013-02-16,public,09:37:00,3335
Woman Democrat,2006-03-17,public,10:49:29,54
May Market,2001-08-29,public,05:02:21,2552
Garden Senior,2016-05-02,public,11:24:27,1261
Today Nature,2020-06-07,private,22:39:33,231
Take Amount,1974-01-17,public,19:01:08,772
Business Parent,1989-03-05,private,09:53:48,3197
Sit Investment,1987-12-14,private,22:03:14,3180
Husband Investment,1979-10-11,private,01:33:06,2146
Process Food,2012-05-27,private,04:06:45,399
Off Between,1983-10-26,private,16:47:32,2682
Me Article,2017-02-16,public,11:49:54,2515
Item Across,1975-09-14,private,15:03:14,2414
Pressure Image,2021-11-22,public,16:31:39,1787
Work From,2019-03-13,public,18:05:42,3046
I Piece,1998-03-06,private,02:52:26,2359
Determine Understand,2010-05-13,public,15:09:50,645
Growth Help,1980-12-13,private,16:27:09,1955
Travel Grow,1988-07-20,public,18:19:06,1785
Role International,1990-12-24,private,01:41:45,7
Change Task,1976-01-22,public,10:06:28,44
Save Better,2012-08-06,public,17:24:58,667
Heart Often,1985-06-30,private,00:51:26,942
Play Agent,1975-09-12,public,15:21:05,1190
White Society,2004-09-06,private,05:44:55,653
Speech Scientist,1982-03-25,private,13:40:53,355
Fall Movement,1990-08-06,private,10:08:26,3129
Would Radio,1990-11-02,private,03:34:40,762
Fact Sit,1980-03-07,private,01:48:01,323
Notice Doctor,1997-11-05,public,10:30:42,890
Trouble My,2019-07-04,private,17:43:04,1379
From Program,1999-09-27,public,15:27:28,1023
Bar Wind,1988-07-09,public,17:07:00,1509
Lot Seek,1970-05-21,private,10:30:10,310
Nature Billion,1970-09-24,private,19:34:30,437
Apply Set,2001-11-11,public,08:27:00,1469
Effort Pretty,1992-04-15,private,01:39:25,897
Support Pretty,1974-06-07,public,23:16:53,2076
Join Watch,1995-07-26,public,09:30:06,1075
Although Such,1989-11-11,public,11:43:29,2858
Plan Respond,1989-08-09,public,18:26:54,2387
While East,1983-07-26,public,21:18:59,1313
Can Last,2001-05-08,private,11:16:37,2088
Day Heavy,1974-05-02,public,01:59:55,333
Voice Require,1981-12-20,private,04:25:16,1199
Nice Long,1993-06-19,private,00:23:24,550
Happen Commercial,1977-06-17,private,11:57:39,1117
Visit Other,1984-01-26,public,14:21:45,3271
Away Market,1995-03-18,private,22:54:21,2709
Himself Mind,2004-12-03,private,17:46:13,2292
Control Pretty,2012-11-23,public,02:35:14,2765
Resource Market,2009-06-05,private,02:42:05,1321
Light Development,2005-03-27,private,02:33:52,3425
Case Himself,1993-04-29,public,20:04:01,402
Bring Responsibility,1974-03-19,private,13:04:28,801
Fire Media,2021-11-08,private,12:23:48,1127
American Miss,1980-10-13,private,14:04:33,2956
Before Traditional,1978-11-17,private,19:37:28,2042
Likely Respond,2012-05-04,private,06:01:51,2370
Practice Fight,2011-01-18,public,04:33:11,2007
Set Them,1972-01-06,public,10:10:21,1585
Strategy Discuss,2002-05-31,public,02:21:38,2655
No Computer,2004-03-18,public,03:36:41,2878
Movie Answer,2001-07-03,public,01:41:56,815
Relationship Assume,1996-11-04,public,04:41:23,73
Maybe Fall,2002-07-27,public,01:52:46,3258
Red Hair,2005-04-12,private,01:39:17,2239
Worker Leave,2015-06-04,public,05:23:39,1869
Other Television,1997-06-11,private,15:21:22,1494
Tough Positive,2010-10-20,private,20:21:34,287
Foot Agency,1999-10-29,private,17:50:02,1460
City Raise,2006-05-24,public,20:28:37,839
Sometimes Any,2014-08-28,private,23:00:14,3416
Within Federal,2001-03-07,public,13:15:42,2375
Old State,2009-03-14,public,19:24:07,3309
Worker Tell,2019-04-22,public,17:55:23,609
At Agent,1978-06-15,public,11:58:40,250
Matter Late,2021-04-16,private,23:13:46,2871
Produce For,1975-12-18,public,15:48:41,2419
Body Morning,2012-05-16,public,10:25:14,2039
Pick In,1996-12-02,public,11:09:31,1865
World Wide,1983-02-24,public,22:55:29,353
Oil Particular,1980-05-24,public,17:44:37,969
Letter Government,1992-10-13,private,01:33:40,230
Message Quality,2012-06-06,public,09:29:25,3162
Still Three,1983-10-08,private,19:11:54,2370
This Democratic,1986-04-09,public,06:24:32,1765
Defense Sometimes,1992-12-26,public,09:05:01,1543
Investment Firm,1980-07-02,private,19:08:55,3015
Radio Realize,2020-08-28,private,13:50:04,3434
Than Already,1985-01-02,private,11:48:49,1062
Major Professor,1995-05-15,private,09:33:54,744
Building Change,2011-06-19,private,12:57:13,1641
Decide Religious,1977-05-02,public,19:35:29,781
Begin Side,1990-12-29,private,15:26:38,826
Up Same,2012-11-25,public,10:41:18,618
Guy Might,1990-07-03,private,11:33:34,195
Face Couple,1974-10-20,public,15:41:37,2103
Quite Nothing,1995-04-09,public,00:54:17,1341
Us Few,1986-01-01,public,20:25:49,1392
Student Get,1972-10-04,private,23:30:50,1636
Mean Understand,1995-07-12,public,12:42:28,887
Rate Feel,1981-10-05,private,11:23:06,1853
Player For,1987-10-16,public,05:33:40,2143
Here Number,2007-11-02,public,21:50:11,2392
His Herself,1990-11-04,private,23:15:03,136
Treat Memory,2008-12-01,private,11:24:23,2251
Myself Use,2019-04-03,public,20:48:37,1208
Official Important,1989-06-13,public,21:41:06,981
Keep Human,2009-07-11,private,18:09:42,814
Draw Hard,1971-05-30,private,15:26:00,2161
Sea I,2012-02-26,private,10:31:53,2077
Strategy Skin,1972-11-11,public,02:53:58,508
Try Civil,2007-06-29,public,23:06:32,1400
Bag Quickly,1983-03-14,public,03:28:42,1483
Nice Recognize,2007-11-26,private,05:23:34,1673
Record Model,2013-01-06,private,22:44:48,3383
True Analysis,2006-07-22,private,05:07:19,656
Half Artist,1999-07-30,public,09:06:58,122
Still Wrong,2019-12-29,private,03:50:41,1298
A Idea,2015-09-21,public,17:44:20,2545
Step Dream,1982-07-24,public,02:56:21,1478
They Road,2005-10-13,private,23:16:14,2796
Finish Air,2018-09-30,private,18:02:43,2442
Just Some,1990-01-11,private,03:05:51,762
President World,1970-10-12,private,18:42:58,2925
Debate Laugh,1981-04-28,private,14:29:08,2567
Purpose Point,1985-10-25,private,15:57:09,610
Probably Open,2006-01-11,public,08:31:43,1830
Involve Paper,2004-05-11,private,14:10:39,644
Grow Human,2004-02-09,public,03:43:23,442
Card Prevent,2002-07-01,private,16:44:36,2425
In Defense,1980-04-24,public,21:04:51,1284
Week Each,1976-07-05,public,04:31:18,1079
Official Charge,1977-01-12,public,11:55:28,170
Purpose Product,2006-12-22,public,13:58:33,2361
Fly Claim,2013-09-23,private,03:03:29,2658
Member Sport,2012-04-10,public,11:17:28,2433
Likely Why,2016-03-02,public,21:56:10,807
Cell Technology,2004-05-18,private,09:27:08,753
Clear Weight,2021-02-18,private,01:12:29,2545
Everyone Speech,2000-04-29,private,04:19:49,2382
People Support,1997-12-25,public,02:38:36,1845
Wall Matter,1981-11-23,public,16:42:27,3296
Either Buy,2020-08-12,public,02:49:31,2486
Approach Expect,1993-06-13,private,08:46:00,2942
Compare Among,2003-08-12,public,08:44:43,2366
Without Nor,2008-02-04,public,17:26:33,816
Throughout Stage,1978-05-15,public,20:13:09,1725
One Event,2014-05-15,public,23:54:59,1371
Turn At,1979-02-01,public,18:02:54,2085
Why Per,1992-10-30,public,17:17:54,570
Dinner Lay,1996-03-04,private,18:36:42,1347
Land Anything,1991-06-19,private,15:39:00,3194
Artist Impact,2010-07-08,public,05:14:25,2248
Raise Protect,2014-01-17,public,17:16:16,2933
Degree Ask,1970-05-25,public,10:27:54,1037
Own Do,2017-06-14,private,00:36:54,3359
Talk His,1989-03-14,private,04:20:35,3061
Term Trade,2019-03-18,public,20:12:15,976
First Life,1991-06-02,public,15:58:37,3071
Subject Computer,1990-04-21,public,10:47:43,636
Necessary Yard,2003-12-21,public,12:01:09,2468
Agent Shoulder,1984-07-19,public,01:32:24,3107
Group Machine,1974-06-15,private,12:15:26,2463
Cultural Upon,2008-08-15,public,10:31:01,64
Support Exactly,1991-06-28,public,01:01:22,2311
Appear A,1996-10-24,public,00:55:43,1568
Leg Similar,2010-04-18,private,03:16:57,3369
Court Somebody,1996-12-24,private,22:41:56,1455
Red Quite,2003-03-21,private,06:01:24,346
Bring Scene,1990-06-06,private,14:49:42,2912
Power For,1990-11-10,private,01:28:09,2551
What Truth,2013-01-11,private,00:41:00,1584
Simply Western,2004-03-19,public,07:32:54,3042
Fill Five,2015-05-10,public,03:04:50,291
Star Series,2016-12-18,private,15:11:51,3389
Western Statement,2014-06-18,private,20:29:40,555
Community Third,2010-01-16,public,02:01:23,364
Policy Government,1996-01-12,public,21:29:16,381
Break Wonder,2017-03-31,private,18:19:50,2150
Plan Make,1975-12-01,private,09:56:46,2382
Rock Situation,1992-09-06,private,19:33:22,1005
Or Make,1975-06-25,private,10:00:28,50
Land Discover,1995-11-11,private,18:30:27,606
Store Push,2023-05-08,private,07:55:04,3118
Better Drug,1991-12-07,private,05:13:43,281
Sing Relate,1974-06-01,public,07:42:57,41
Oil We,2021-06-15,public,09:45:54,2040
Avoid Morning,1987-06-14,private,08:54:45,1918
Industry Yet,2019-05-27,public,22:12:55,1838
For Father,1994-06-28,public,20:25:33,1614
Some Question,1983-12-11,private,06:08:33,1241
Onto Blood,1980-01-24,public,23:47:26,2976
Trouble Same,2005-02-06,private,16:45:21,1637
Enjoy Car,2016-08-30,private,02:56:06,1469
Relate Seat,2008-10-15,public,15:01:11,2989
Admit Young,2016-11-09,private,14:53:43,906
Agency Event,1984-05-22,public,17:14:58,1797
Physical About,1973-10-18,public,12:02:07,328
State Camera,2014-01-03,public,02:02:26,1720
Thank Above,2019-04-12,public,02:32:56,3367
Even She,1972-03-03,private,03:27:43,2889
Throw Choice,2023-11-03,public,11:00:17,918
Degree Play,1993-08-30,private,05:15:30,2705
Talk Financial,2020-04-10,private,16:15:25,1691
Line Score,2003-03-06,private,12:33:04,3107
Enough Writer,1988-01-17,public,11:57:39,1816
Full Process,2009-09-09,private,23:30:01,2518
Official Very,2006-06-25,private,14:45:21,1040
Radio Ever,1981-07-28,public,07:05:38,412
Send Serious,2013-04-03,public,00:04:32,882
Themselves Whatever,1990-12-05,public,23:22:54,984
Value Agent,1978-03-23,private,02:19:03,3219
Work Majority,2002-10-13,public,09:11:42,552
Attention Republican,1984-02-04,public,14:38:28,552
Myself Money,1972-07-07,public,08:10:58,2966
Personal Boy,1979-01-13,private,21:23:47,2951
Peace Adult,2022-04-14,private,14:30:18,1277
Woman Send,2023-01-20,private,22:06:51,1050
West Movie,1987-02-01,public,12:20:25,1168
Onto Station,1985-10-16,public,05:14:05,1415
Certainly Garden,1989-01-02,public,11:04:10,686
Assume Speak,2003-12-27,public,15:20:18,2755
Local Specific,2020-12-28,public,06:22:41,2343
Realize Per,2002-01-24,private,07:00:02,2091
Piece Part,2016-02-07,private,03:23:37,15
Experience Team,1986-07-14,public,17:39:39,1434
Bad Card,2003-06-17,private,07:11:18,1547
Than Growth,1981-10-04,private,22:10:37,1790
Policy Key,1997-03-25,public,19:59:15,680
Painting Should,1975-04-29,private,19:00:39,1357
Number My,2021-06-26,public,05:43:03,2285
Kitchen Rich,1993-06-28,public,06:47:59,626
Maybe Ago,2020-03-01,public,23:44:06,1526
Cultural Expect,1999-04-24,public,12:33:13,2836
Start Room,1999-10-27,public,00:58:05,2746
Take Country,2016-01-15,private,06:23:56,523
Bill Vote,1990-09-03,public,14:08:42,1635
Tend Yet,1970-04-03,public,10:39:23,189
Course Increase,2004-11-22,private,21:42:10,2830
Subject Brother,1980-11-05,private,19:46:59,867
Positive Three,2003-04-26,private,01:52:41,2133
Traditional Produce,1982-06-10,private,15:03:57,1511
Special Former,1978-05-15,private,07:22:18,1972
Hard Common,2012-01-27,private,05:14:08,2639
Subject Season,2000-01-05,private,08:29:28,1525
Agreement Data,2015-09-26,private,16:21:13,2589
Amount Watch,1994-12-27,public,05:46:25,2904
Either Reflect,1998-02-18,public,19:23:04,1325
Data Finally,2002-10-30,public,05:10:31,1312
Rate Because,1994-08-30,public,02:51:25,612
Third Model,2023-03-10,private,14:03:47,1203
Fast Four,2012-04-10,public,22:26:15,1419
Rock Yourself,2000-10-23,public,03:50:20,681
Oil True,1986-09-15,private,01:13:44,1429
Language Power,1980-05-01,private,01:33:47,1717
Throw Various,1986-05-15,private,11:14:47,207
Animal When,2013-02-25,public,00:32:07,1175
Owner Those,1970-10-17,public,14:25:07,1328
Heart Yet,2013-11-01,public,15:31:26,1067
Off Democratic,1995-09-09,private,02:37:24,2037
Teach Could,1999-05-19,public,04:26:51,2384
Voice Improve,2022-08-21,private,13:04:09,3095
Language Present,2005-04-13,private,10:22:14,1617
Project Mr,1995-09-05,public,04:05:34,2363
Poor Source,2011-07-07,public,13:43:35,3109
Audience Too,1994-09-07,public,12:54:30,1070
Inside Positive,1997-11-26,public,22:34:37,2787
My Friend,2018-12-16,public,10:14:34,2415
Remain Its,1995-11-12,private,09:04:44,1250
Eat Edge,2014-04-21,private,10:21:13,2531
Up Television,1992-09-02,private,15:00:15,823
Mother Husband,1982-11-17,private,20:57:30,1876
Media Start,2021-02-28,private,12:45:04,1416
Give Small,2014-04-02,public,03:38:21,3075
Whatever Less,1981-08-05,public,16:02:49,2044
Feel According,1977-11-07,private,22:14:17,1109
Term Dinner,1994-09-22,private,06:22:21,497
What Physical,1987-01-16,private,14:49:18,3456
Per Month,1973-09-11,public,22:28:03,1532
Perform Soldier,2022-06-13,private,23:19:28,301
Anything Resource,2002-12-30,private,08:42:22,825
News Politics,1971-03-13,private,00:25:38,1132
Commercial Young,1970-10-30,private,13:06:15,449
Ago Deal,1994-12-28,private,16:53:16,3028
Decide Method,1975-03-12,public,21:44:52,2560
Eye Loss,2006-07-24,private,02:32:24,814
Stand Point,1988-01-18,private,12:42:23,2455
Industry Glass,1978-07-21,private,14:14:39,2093
Face Hotel,2006-07-19,public,11:34:50,2418
Evidence Politics,1985-05-30,public,14:46:17,992
Measure Long,1977-08-15,public,23:02:59,3170
Spend Woman,1978-09-13,public,04:42:51,3261
High Class,2000-12-26,private,07:15:24,2146
Difference Professional,2022-11-25,private,19:09:55,2126
Develop Top,2000-11-21,private,19:46:06,714
Watch This,1996-03-04,public,19:46:39,2473
Medical Wrong,2022-01-29,public,13:38:20,1943
Across Out,1976-11-15,public,23:42:51,2242
Final Social,1981-09-26,private,00:51:12,2939
Happy Car,2011-11-10,public,05:11:23,1506
Yard Loss,2005-10-20,public,06:22:12,2698
Fly Its,1996-11-21,public,03:57:15,2208
Policy System,1988-01-03,public,22:59:08,3491
Seem Important,2018-02-21,private,00:50:24,388
True Thank,2011-11-12,private,08:20:48,298
These Reduce,2017-04-18,public,18:59:21,2468
Collection Care,1984-06-12,public,13:09:19,2110
Reason Through,1975-12-14,public,07:17:59,1821
Trip Board,1991-03-28,private,05:02:01,1540
Scientist Performance,2019-09-20,public,16:00:23,2077
Station Help,2004-05-07,public,12:16:13,677
Ahead Produce,2022-03-24,public,08:27:11,1624
Main System,1979-05-23,private,16:01:39,541
Short Economy,1982-03-26,public,01:50:43,1884
Notice Bed,2014-08-23,public,20:51:57,2720
Range Anyone,2009-05-03,private,20:46:06,439
College Into,1985-03-15,public,09:05:31,153
Tonight Final,2014-02-14,private,18:08:16,379
North Accept,1978-11-01,public,08:25:57,245
Society Leave,1986-07-23,public,18:07:21,1113
Hand Perform,1993-12-24,private,09:28:51,1184
Pass Material,1989-03-29,private,04:48:24,3273
People Size,2011-10-22,public,21:53:08,2198
Mouth Nice,2017-05-05,public,15:44:18,275
Little Relate,2004-10-09,private,07:23:23,2426
Very Home,2022-12-21,private,09:52:03,1152
Up Material,1990-02-04,private,18:10:12,2194
Soon Above,2020-03-03,private,02:58:18,2884
Take Bill,1971-09-16,private,14:23:01,93
Face Prepare,2007-05-31,public,15:25:02,984
Hot Ago,2001-12-15,private,07:25:01,890
Help Woman,1977-02-23,public,03:46:13,2462
Site Theory,1977-10-09,public,03:55:47,908
Letter Open,1991-03-10,public,11:37:37,2287
Old Land,1976-05-03,private,13:36:00,2189
Social Than,1999-02-14,private,05:34:19,1540
Provide Idea,1983-08-17,private,12:15:38,805
Close Leader,1976-10-11,public,18:49:04,1331
Goal How,1999-12-24,private,15:05:14,2508
Finally Third,1979-12-13,private,20:00:03,1886
People Environmental,1984-06-15,public,19:53:25,1410
Our Exist,1978-10-22,public,15:18:40,2035
Black Throughout,1974-08-18,public,03:39:53,1531
Various Lose,2011-03-03,public,23:05:51,911
Return Win,2015-09-04,private,20:57:57,164
Record Specific,2013-08-26,private,10:45:49,257
Near Mrs,2000-05-27,public,09:32:19,3449
Room Good,2018-10-01,public,03:48:58,726
Indicate May,1985-03-01,public,01:46:00,3000
Friend Professor,1990-01-29,public,10:14:28,2969
Girl Paper,2015-07-31,public,22:35:51,1206
Cell Lay,2020-09-26,public,13:45:26,3378
Hear Pick,2003-10-19,private,16:34:43,204
Western Wide,1975-01-25,private,06:26:20,1672
Alone Theory,2018-11-01,public,13:42:55,2101
Yes Upon,1986-06-03,private,00:58:18,694
Agree Us,2020-12-13,public,20:01:39,2827
Less Suddenly,1972-02-11,public,09:52:16,1779
Nation Someone,2016-12-15,public,16:06:25,2403
Employee Create,2017-10-04,public,07:57:04,240
Tonight Both,1993-07-10,private,20:37:50,246
Yard Indeed,1992-02-24,private,03:01:02,1816
Add Debate,1977-12-29,public,00:48:15,1125
Picture High,2008-02-17,private,12:22:20,2850
Seat Door,1971-03-06,public,23:42:51,688
Two City,2021-02-10,public,20:01:24,1523
Room Task,2021-08-04,private,11:05:55,3319
Simply Response,2008-12-25,private,00:40:23,2218
South Subject,1971-09-24,public,22:58:07,1580
Ten Amount,1971-04-23,private,23:48:37,646
Add Yard,1990-03-09,public,13:46:45,1656
Case Under,1977-01-24,private,13:36:53,2864
Consider Idea,2009-09-22,private,09:13:13,2607
Agent Tv,2020-03-05,private,00:49:35,1017
Cold But,2019-08-22,public,00:47:55,466
Control At,1998-12-05,public,05:01:52,816
Young Someone,1985-04-21,public,02:23:24,797
Several Democratic,2001-04-01,private,14:15:49,1399
Drive Feeling,2015-06-09,private,08:40:33,2380
Today However,1986-07-17,private,10:05:35,2275
Gun Foreign,1995-10-22,private,20:00:36,1854
Common Measure,1984-05-03,private,16:23:06,3210
Address Foot,1998-11-03,private,07:52:50,222
Party Degree,2001-04-23,public,10:49:27,2874
Degree View,2010-07-20,private,18:09:21,2359
Meet Where,1970-12-08,public,21:52:56,543
Soon Everyone,2004-06-08,public,17:18:59,798
Rise Onto,2018-12-31,private,09:16:35,996
Push Interesting,2014-06-06,private,10:47:46,1093
Campaign Teach,1995-10-18,public,09:42:32,2361
According Single,1992-08-20,private,17:40:15,1240
News Indicate,1995-02-21,private,09:59:01,1662
Week Far,1994-05-10,private,23:21:33,152
May Boy,2012-04-10,private,08:36:46,1378
Mention Put,2020-04-05,private,05:56:20,967
Few Agree,2004-05-16,private,07:38:44,2747
Table Measure,1978-09-18,private,05:25:38,3072
Leader Hold,2000-11-21,public,01:24:57,3468
Call Create,1984-05-06,private,18:14:55,2210
Attention Good,2005-09-20,public,13:34:26,3350
Actually Service,2016-03-24,public,17:27:41,1426
My Finish,2015-12-06,private,22:04:47,352
Civil New,1973-03-13,public,18:59:06,2851
That Offer,1986-03-26,private,23:14:32,3478
Property Care,2015-12-31,private,03:46:33,3337
Couple Rock,2013-07-06,private,08:40:12,3243
Management Organization,2017-11-12,public,21:37:12,3134
Not Reduce,2023-02-22,private,06:17:15,2300
Door Any,1993-07-21,public,09:37:47,228
Growth Break,1975-01-25,public,05:54:30,1691
Yes Yourself,1978-03-23,public,11:21:10,3312
Beat Effort,1995-06-23,private,17:49:38,3362
Practice Role,1992-02-25,private,02:19:17,1157
Too Another,1977-10-14,private,06:43:26,3452
Attack Agree,2004-02-18,public,21:03:31,3088
Full Each,1985-11-29,public,22:10:27,2837
Project Her,1970-12-06,private,14:39:24,2502
Find Money,2000-07-29,private,04:40:39,267
Exactly Itself,2019-02-25,public,16:10:37,419
Eight Safe,2003-06-04,private,19:47:27,36
Itself Magazine,1977-08-05,private,02:33:21,159
Foreign Year,1980-11-11,public,10:53:15,833
Role Issue,1998-07-14,private,05:59:06,1001
Friend Page,2002-03-01,private,08:26:31,2002
Chance Begin,1993-03-08,public,13:49:58,1638
Dream Move,1993-09-20,private,01:47:56,2556
Somebody Somebody,1984-01-17,private,12:11:12,44
Gun Audience,1984-02-11,public,00:12:44,1189
Off Staff,2002-10-14,private,06:00:11,1608
Fine Call,1996-12-27,public,19:13:10,2233
Head Catch,2009-10-17,public,08:57:38,2358
Very Dog,1981-09-26,public,21:39:11,931
Manage Particularly,1983-05-04,private,02:48:53,3201
Speak Per,1987-12-07,public,14:03:32,887
Its Natural,1997-12-23,private,06:22:25,1977
Friend Old,1986-03-17,private,05:12:18,2627
Writer Myself,2018-03-07,private,03:47:41,1806
Home Street,2001-09-07,private,22:48:33,1421
Deal Dinner,2009-09-06,public,16:50:29,1349
Area Front,2000-11-14,private,21:00:04,1138
Baby Boy,1999-01-09,private,23:24:54,1514
Red Let,1980-02-14,private,12:49:55,2873
Plant Risk,1985-01-16,public,01:11:53,1079
Like Country,2014-02-09,private,03:11:53,2654
Out Season,2019-08-19,public,12:06:40,2822
Station Group,2003-06-30,public,21:29:45,1804
Threat World,1985-04-10,private,12:57:31,1643
Watch Available,1970-09-16,private,19:00:42,492
Cup Fire,1989-03-29,public,18:17:01,3302
Middle Develop,2021-04-21,private,03:28:30,2808
Common Value,1983-11-04,private,20:30:44,3447
New Political,2021-04-14,private,05:46:11,72
Discussion Past,1993-04-21,private,03:00:21,1233
Collection Movement,1986-07-28,private,04:35:55,1573
Case Despite,2020-07-10,public,09:06:37,1054
Shake Tend,1981-08-19,private,20:35:54,2430
Run Moment,2018-01-05,private,06:51:33,59
Itself Back,1982-02-12,public,04:47:42,2858
Fear Leader,1993-11-30,public,15:55:38,174
Course Many,1992-09-09,public,05:12:15,646
Use Human,1973-07-02,public,17:08:39,3131
Building Can,2000-09-08,private,07:02:23,246
Material Single,1994-07-19,private,05:46:31,2398
Attack Property,1978-02-12,private,09:34:58,1554
Road Speak,1978-04-12,public,04:45:09,2744
Offer Court,1996-10-20,private,22:23:40,2148
Fund Knowledge,2001-02-10,public,06:30:08,1838
Beautiful Water,1992-08-17,private,23:21:25,2395
Conference Their,1982-09-07,private,14:34:43,1744
Each Money,1974-09-12,public,17:28:20,1149
Difficult Wife,1998-10-10,private,10:33:15,2169
Week Power,2021-02-15,private,08:47:57,2849
Without Must,1973-04-22,public,11:33:02,332
Bad Total,1990-11-14,private,19:39:47,2680
Later Letter,1980-06-21,public,07:41:59,557
Then Sort,1988-01-23,private,19:59:50,955
Couple Against,1971-03-31,private,15:37:16,514
Fact Imagine,2001-05-28,public,15:05:52,1035
Director Piece,2000-12-28,public,11:36:00,3184
Wait Agreement,1987-08-24,public,11:16:25,3149
Upon Experience,1985-08-29,private,18:55:54,2174
Stop Form,1984-05-05,private,16:13:41,1037
Look Consider,2015-01-11,private,05:20:33,282
Less Main,1979-07-02,private,09:37:30,2062
Produce Beat,2008-04-09,public,12:18:25,2230
Open Hit,2022-10-27,public,16:35:54,1835
This Pressure,1994-03-05,private,01:38:01,1166
Somebody Ability,1990-07-21,private,15:02:11,918
Glass Rule,2017-04-11,public,03:26:26,1541
Effect Film,1978-12-13,public,04:37:14,274
Far On,1991-06-19,public,03:50:56,3032
Data Can,2008-05-14,private,21:02:48,492
Continue Kid,2023-07-25,public,00:35:53,1624
Young Find,2000-03-16,private,20:10:21,3223
Upon Suddenly,2020-04-21,private,13:47:21,2555
Lead Seat,2019-09-13,private,20:16:16,2885
Player Year,2003-01-15,public,20:38:38,2855
System Tv,1972-12-18,private,13:17:52,710
Play Particular,1993-01-15,private,14:21:41,968
Position Ago,1974-04-25,public,09:45:29,2724
Certainly Place,2002-04-25,private,02:25:48,2291
Them Fight,2005-06-29,private,16:50:36,2156
Hear Those,1973-08-02,public,12:19:27,2328
This Entire,1983-06-24,public,16:08:09,596
Four Movement,1992-03-02,public,20:29:52,3393
Small Teach,1991-10-10,public,08:31:19,2906
Effect Issue,1999-03-18,private,00:40:11,828
Every Job,2018-03-25,private,16:10:25,845
Bill Network,1970-02-24,private,00:00:11,1056
Require Purpose,1994-07-06,public,03:30:59,460
Help Create,1987-10-29,private,14:22:03,2748
Smile Series,2001-05-31,public,20:25:39,2164
Serve Black,1986-10-14,public,05:42:14,1670
Sound Possible,2016-05-05,private,13:04:37,2482
Discussion Collection,2020-03-24,public,21:24:35,1940
Finally Else,1987-12-16,public,06:34:11,2714
Like North,1978-01-29,public,03:01:41,3237
Purpose Short,2017-04-05,public,05:22:23,1771
Positive Training,2011-10-10,private,04:07:25,753
Establish Short,2018-10-10,public,13:49:18,3380
Exactly Throw,1990-03-22,private,03:20:22,1987
Contain Understand,1979-05-08,public,19:00:26,993
Me Line,1974-09-14,private,01:53:16,3073
Environment Important,2011-03-03,private,19:00:35,2425
Generation Effect,1999-09-04,private,11:13:23,601
Mouth Wind,1982-08-22,public,01:38:43,488
Local Speak,1996-10-26,public,20:29:25,3015
Weight Example,1979-03-03,public,17:45:46,3310
Kitchen Prove,1999-06-16,private,17:46:11,2800
Security Tend,1971-12-21,public,13:46:19,293
Son Control,2005-06-27,private,02:44:20,1302
Wonder Agreement,1996-02-14,private,14:21:00,2712
Begin Difficult,1999-05-14,private,00:28:43,1895
Detail If,2017-11-27,public,03:01:35,1659
Challenge Nothing,2023-01-26,public,09:48:10,2802
Add That,1978-03-12,public,23:55:49,890
Him Dark,1985-08-01,public,10:10:48,3438
Ready Surface,2005-05-09,private,19:12:59,2630
Face Never,2013-05-28,private,22:39:35,2868
Leader Crime,2006-09-25,public,08:05:00,3382
Try Leg,2018-06-08,public,15:57:53,1801
Natural Activity,2000-04-12,public,10:17:04,2947
Scene How,1973-11-26,private,23:10:05,2092
Service Foot,1996-11-23,public,11:21:25,1670
Kid Listen,1985-03-16,public,21:33:45,1239
Nice War,2003-09-03,private,23:22:38,559
Him See,2001-11-07,private,07:19:13,228
Structure Box,1992-05-23,private,20:37:22,1698
Mouth From,1980-03-17,public,17:27:08,3286
Work Money,1990-11-10,private,02:54:56,2762
Couple Weight,1997-02-11,private,11:17:00,3353
Million Game,2013-04-23,private,00:31:59,1412
Hour Writer,1977-08-26,public,05:22:36,1024
Father Particularly,2007-11-13,public,20:39:15,2234
Five Four,2007-04-28,private,13:16:51,3444
Interest Seven,2002-06-25,public,01:52:45,398
Use Turn,2005-09-03,public,20:16:57,1618
Project Purpose,1987-11-05,public,20:26:59,3441
Concern Those,2006-01-15,private,05:48:34,1046
Focus Type,2001-10-13,public,18:56:39,1974
Main Left,1986-02-02,private,14:49:09,1014
Where Until,2019-11-09,private,04:07:34,2642
Question Oil,1979-03-05,private,04:22:02,424
Avoid Notice,2004-05-21,public,22:55:57,2397
Might Tax,1998-07-28,private,14:22:48,1049
Difficult Red,2013-07-08,private,17:46:18,3247
Most Left,2019-06-13,private,16:27:30,1435
Amount Certain,2005-12-27,public,00:22:47,2162
Agree World,2012-09-24,public,17:26:30,512
Short Type,1971-05-20,public,03:22:14,3457
Area High,1990-05-03,public,16:22:43,1892
Herself Upon,1984-08-28,private,05:32:44,342
Involve Food,2013-09-22,public,15:30:05,3186
Difference Long,2023-11-27,private,20:35:29,101
Inside But,1990-10-08,public,22:56:09,49
Wide Us,1983-03-14,private,04:23:19,1236
Read Hope,1994-01-04,public,08:26:15,1851
Suddenly Blood,1996-02-18,public,05:24:20,399
Appear Central,2020-04-20,public,12:15:23,1306
Stop Cost,2021-11-04,public,14:36:01,2852
Remember Computer,1997-06-18,private,13:45:36,2320
Film Usually,1982-05-09,public,17:09:47,1896
First Society,2023-02-14,public,09:47:57,2754
Son Line,2013-10-27,public,09:29:56,997
Provide Issue,1997-02-03,public,11:25:40,661
Can Election,2023-06-25,private,03:13:21,1321
Media Course,1984-12-14,private,01:19:44,3296
Represent Key,1996-01-17,public,07:13:46,1166
Keep Vote,2005-03-14,public,22:52:46,505
Scientist Life,1989-06-07,public,20:02:20,1660
Security Against,2000-05-16,public,09:55:56,2764
Among Hospital,2000-04-27,public,21:13:18,1825
Look Fill,2015-11-27,public,01:28:53,1764
Process People,2014-04-27,public,18:03:18,237
So Pull,2016-07-17,public,07:53:06,2438
Happen Both,1986-05-09,private,08:40:26,481
Hold Describe,2021-05-28,public,03:24:22,1347
Measure Just,1973-11-30,public,09:52:30,2741
Necessary Process,1991-09-05,public,05:14:46,227
Human Health,2021-07-09,public,08:28:28,3160
And Next,1987-07-15,public,07:30:40,572
Right Can,1981-03-01,public,15:03:11,506
Offer Need,2010-01-25,private,13:45:08,2168
Force Professional,2021-09-18,private,12:40:03,2017
Least Develop,2007-10-22,private,03:01:13,441
But Threat,1977-06-19,private,09:54:10,1494
Cold Trip,2001-05-27,public,05:55:24,510
Every Example,2002-02-15,private,06:43:58,565
Couple Require,1978-12-27,public,13:07:22,1855
Find Reason,1992-03-22,public,08:11:51,3100
State Government,1988-10-06,public,22:22:04,894
Cost Home,2017-12-15,public,08:33:21,3373
Pretty Mrs,1984-08-20,private,06:11:31,1947
Offer A,1984-02-16,public,20:45:58,1657
Hold Science,2007-08-16,private,02:44:54,764
Possible Put,1988-06-17,public,09:03:32,754
Total Individual,2012-03-02,private,22:10:39,3213
Authority Standard,1998-08-16,public,04:07:51,2748
Section Major,2007-12-20,public,05:18:00,1408
Sit These,2015-09-26,public,04:09:55,1980
Too Executive,1996-07-08,private,09:42:09,1536
Explain Character,1970-08-26,public,14:05:17,2631
Concern Then,2023-09-10,public,01:38:59,2722
Writer Mission,2005-01-09,private,00:21:46,286
Likely What,1990-04-22,private,10:34:37,497
Not Floor,1988-09-17,public,02:53:32,1612
Ready Police,1988-04-02,private,08:09:14,2889
Side Follow,1997-10-07,public,09:07:00,1733
Your Yeah,2009-04-21,public,06:02:41,1452
Vote Usually,1992-02-09,public,22:41:03,2550
Born However,2001-05-28,public,22:34:49,578
Physical Clear,1971-05-25,private,06:14:55,2156
Food Hotel,1988-03-22,private,17:31:47,2625
She Lawyer,1976-02-12,public,07:37:35,1522
Choice Special,1970-08-24,private,23:04:23,2253
Important Network,1971-04-01,public,17:11:38,461
Book Feeling,2013-10-03,private,20:49:15,1364
Again Arrive,2019-09-22,private,16:34:04,2496
End Time,2005-08-26,private,19:53:52,2768
Simply Movie,2019-08-24,public,14:34:59,1356
Well Political,1980-04-26,private,07:24:14,3048
Where Tv,2015-12-21,private,05:24:57,261
Man Start,1985-03-11,public,03:09:36,321
Edge Space,2015-10-26,private,21:48:39,326
Tough Sea,1988-11-30,private,11:35:36,3467
Morning Seat,2011-03-10,public,00:13:38,291
Paper Magazine,2020-03-04,public,18:44:33,3171
Explain Sister,1979-03-02,private,02:43:26,952
Shake Follow,2003-05-19,public,21:50:19,658
Including Explain,2005-04-04,private,04:40:56,3400
Actually Let,1981-06-20,private,01:35:29,3289
Himself Medical,2014-03-09,public,11:45:34,1089
Still Reason,2020-03-01,private,23:11:17,1863
Add Affect,2015-08-24,public,09:03:47,3230
They Vote,2018-03-03,public,23:34:06,3248
Song Quickly,2007-06-16,private,05:40:22,1912
Age Perform,1986-12-25,public,18:14:21,1929
Stay Power,1986-03-07,public,10:57:25,2775
Public Player,1998-10-09,private,06:16:21,3390
Through Plan,1985-06-10,public,16:28:08,965
Up Effort,2003-01-22,public,09:36:31,3230
Truth Provide,2013-05-25,public,15:03:46,1812
Land Story,2013-03-02,public,14:24:46,3402
Among Paper,1992-05-07,public,14:29:43,3424
Decade Poor,2021-02-03,private,19:25:25,2731
Hour General,1989-01-29,private,02:13:00,2951
Audience Growth,1985-08-30,public,08:46:36,3406
Five Leader,2004-01-13,public,17:28:00,3219
Pull Plan,2020-01-19,private,00:34:41,3104
She Develop,1994-01-19,private,17:29:51,2084
Realize Task,1989-02-09,public,07:55:40,405
Study Chair,1972-10-06,private,18:15:29,3081
Brother Should,1976-06-25,public,21:01:12,1912
Century Break,2023-12-01,private,14:10:47,1319
Much Each,2004-09-15,public,12:09:08,1064
Both Kitchen,2012-03-09,public,13:09:28,3136
Option Box,1984-08-19,public,09:40:35,1103
Manager Though,1982-07-16,public,19:45:18,2593
Military Painting,1985-07-17,public,01:24:30,952
Reality Specific,2018-10-07,public,15:52:02,1175
Cover Hope,2022-10-26,private,00:42:01,3265
Order So,1989-01-12,public,21:42:29,1443
Be Agent,1997-03-16,private,23:56:51,1618
Pm Project,1991-07-24,private,09:37:46,1377
When True,2010-10-01,public,17:29:11,2920
Practice Because,2001-07-04,private,02:18:06,2718
Respond Whole,1984-03-12,public,08:26:36,3400
Weight Man,1982-09-09,private,08:01:38,438
Somebody Toward,1981-09-13,public,14:06:43,569
Most Protect,2010-04-25,public,11:44:11,3277
Within Million,1975-10-15,public,00:51:40,1600
Summer Line,1979-03-17,private,07:56:02,902
Lead Instead,1972-01-31,private,22:20:40,2423
Fish Employee,1978-04-21,public,22:51:19,2628
Newspaper Sort,1984-10-08,public,21:53:32,1779
Like Begin,2019-04-11,public,07:05:59,1152
See Collection,2003-03-25,public,02:24:31,1314
Interview Building,2009-06-27,private,14:32:09,1478
Him Way,1977-08-06,private,20:37:32,286
Actually Study,1988-12-29,private,14:32:14,1986
Ask Else,2002-05-25,public,16:16:59,1457
Yard Edge,2004-12-16,private,04:13:18,1704
Fall Only,2001-06-06,private,16:32:25,2088
Property Husband,1988-10-08,public,17:06:53,2333
Treatment Build,1980-07-20,public,23:43:02,602
Look Stop,2000-05-12,public,05:16:36,1980
Explain Suffer,2005-09-10,public,23:30:32,37
My Certain,2017-04-28,private,12:14:20,1274
Upon Car,1997-06-03,public,07:10:08,983
Foot Open,2010-02-03,private,10:29:51,1853
Call Economy,1989-03-22,private,09:24:31,2719
After View,1996-10-14,private,16:53:49,2261
Write Knowledge,1973-09-14,public,19:40:23,32
Large From,2001-12-27,private,22:48:38,2456
Nor Away,2003-06-28,public,09:48:49,2782
Agent Agency,2013-05-03,private,02:54:21,2268
Rise Civil,1998-03-05,private,11:27:35,220
Later Design,1977-11-11,private,00:05:55,1392
Before Ball,2013-10-19,public,18:26:40,683
Student Allow,1981-10-27,public,09:01:00,165
Catch Market,1978-02-20,private,17:45:59,2675
Security Message,2016-11-02,private,23:54:45,625
Magazine Deal,2005-04-16,private,20:49:42,594
Goal Strong,2014-06-11,public,18:35:12,2827
Yourself Upon,1988-08-16,private,06:49:10,1912
Feel Two,2005-05-13,public,05:31:16,2709
Task Foot,1978-09-19,private,01:07:16,595
Box They,1974-04-11,public,01:41:33,809
Different Sell,1994-11-07,private,06:19:01,1550
Admit Prevent,1997-11-23,private,12:41:05,763
Artist Quite,1970-01-07,public,18:37:02,1649
Couple Ok,1988-03-02,public,04:48:14,3489
Agency War,1979-10-05,public,11:25:06,2355
Article Fly,1987-10-15,private,20:29:09,2989
Young Game,1988-05-20,private,15:30:42,242
Admit Recently,2001-08-27,public,06:19:35,829
Seek Professor,1997-03-10,private,09:04:31,3154
Blue List,1997-03-23,private,13:39:24,1354
Represent Need,1976-01-01,private,02:11:09,2245
Benefit Situation,1998-04-18,private,12:24:48,1006
Few Once,2001-06-05,private,22:45:48,1833
Edge Interesting,2016-07-13,public,08:47:07,831
Side Drive,1994-11-04,public,06:49:15,2001
Help Ball,1975-05-29,private,20:35:04,3462
Number Mr,1980-09-11,private,00:13:45,374
Approach Edge,1986-03-01,private,05:43:33,1600
Plan Really,1983-09-06,private,17:31:22,2962
Power Guy,1994-03-28,private,03:57:09,1731
Another Onto,1994-02-15,public,17:27:22,2657
Can Let,1985-07-12,public,23:41:43,1508
Environmental Author,2016-01-24,public,02:13:19,1265
Everything However,2012-12-04,public,19:00:40,494
Something Hundred,2010-04-20,private,00:58:09,1154
Each Public,2017-05-16,private,22:14:24,713
Three Sound,2023-05-17,private,19:28:18,555
Pull Whole,1996-11-28,public,17:38:37,1770
Message Language,1986-09-06,public,09:52:03,1717
Offer One,1976-04-23,private,03:48:31,686
Report Box,2022-11-16,private,06:13:18,2424
Industry Analysis,1981-09-30,public,15:46:16,3428
Down Nor,1977-04-02,public,18:23:18,3226
Many Break,1985-06-23,public,09:36:25,1567
Sister Miss,2006-03-30,public,13:19:39,1547
Necessary Right,1989-09-16,private,16:35:00,633
Wall Should,2000-12-19,public,17:59:44,444
Pick Employee,1976-11-22,private,22:28:34,1511
Film Inside,2006-10-12,public,06:48:41,2856
High Party,1991-03-01,public,03:42:34,2212
Memory Develop,1995-04-16,private,15:54:00,236
Though West,2000-08-01,private,15:40:32,3372
That Dog,1984-02-29,public,19:19:48,2695
Generation That,1981-01-24,public,18:41:15,3367
Traditional Rest,1989-01-12,public,19:24:00,2831
Enter Ten,2009-07-03,private,20:46:49,836
Audience Sure,2008-01-06,private,21:35:56,334
Growth Care,2010-07-10,public,05:09:40,3192
Far Four,1994-11-14,private,20:02:24,2605
In Much,1996-07-15,public,10:38:36,2405
Experience Few,1990-04-29,public,20:32:56,573
Image Just,2007-05-14,public,08:58:34,3431
After Player,1977-02-05,public,22:52:40,2862
Popular Game,1988-02-18,public,23:04:09,3250
Growth Mouth,1985-09-25,private,03:42:32,1710
Note Meet,1976-10-15,private,01:11:50,2803
Couple Box,1970-09-20,private,14:24:43,985
Tonight Prepare,1999-07-16,private,09:51:27,602
Use Them,1997-11-18,private,18:43:06,2044
Today Enough,2016-08-17,public,13:49:29,2822
Indeed Book,2008-02-12,private,11:56:47,862
Share Yard,1990-06-21,private,23:35:42,2838
Reduce Keep,2021-08-14,private,04:38:38,1232
Herself Have,1993-11-11,public,15:24:58,559
Add Guy,1975-03-02,private,20:12:55,767
Research Store,2006-03-29,private,09:13:11,3291
Strategy Offer,2011-09-09,private,05:27:52,2495
Record Away,2023-05-30,public,04:46:22,2378
Art Value,2022-01-12,private,01:31:24,3251
Reason Seven,1987-08-16,private,03:41:56,44
Different Pay,2002-02-04,private,17:45:30,3264
Realize Product,1997-06-30,private,00:17:00,1596
Catch Candidate,1984-04-07,public,01:54:28,3260
Specific Person,2006-06-03,private,11:23:01,2665
Certainly Role,1989-01-18,public,23:26:21,893
Music Produce,1972-09-18,public,16:38:12,1420
Poor Sure,2015-04-28,private,23:51:08,2898
Gas People,2011-04-17,public,23:35:48,1231
Require Able,1972-09-20,public,11:19:28,724
View Fund,2007-10-04,public,06:00:42,3053
Firm Group,1982-10-09,private,12:58:28,1965
Hit Already,2006-03-23,private,13:05:08,1984
Film Again,2009-06-23,public,10:13:44,123
Again Product,2020-12-15,public,02:39:58,2651
The At,2019-07-24,public,23:39:20,1319
Eight Policy,2005-09-04,public,13:03:21,1981
Whatever Training,2008-01-14,private,12:06:31,2085
Less Music,2020-07-24,public,22:21:14,1152
Simply Above,1991-06-13,public,16:24:23,2469
Campaign Create,1999-08-13,private,17:45:43,93
Top Painting,1993-12-31,public,16:22:17,1571
Year Do,1991-01-18,public,22:55:39,774
Task Republican,1989-05-06,public,15:37:25,3015
Black Sport,2016-01-21,private,20:45:31,3003
Leave Indeed,2001-06-08,private,00:55:49,1010
Choose Plant,1977-03-18,public,14:50:52,495
Heart Myself,1985-06-13,private,09:08:06,294
Movement Whose,1974-12-14,private,22:43:19,1854
If Magazine,1994-01-27,public,16:36:45,2202
Us Already,2005-07-20,private,11:47:40,1273
Over West,1984-06-16,private,06:04:10,3441
Various Firm,1983-12-13,private,10:00:34,1919
Film Couple,2005-12-10,public,16:56:13,1937
Why Tree,1990-12-11,public,06:58:45,1055
Method Agreement,2014-11-12,public,08:31:01,2406
Perhaps Talk,2021-10-19,private,21:05:32,3405
Question Speech,1994-05-03,private,13:56:06,1745
High Them,2019-11-21,public,11:31:03,1505
General Effort,1986-03-16,public,05:34:23,2351
Author Small,1988-09-20,public,22:06:07,627
Seek Sort,1976-07-20,private,21:01:41,50
Determine Side,1985-09-17,private,05:09:19,2998
Always Nice,2021-08-10,public,21:12:17,1330
Would Road,2018-05-07,public,21:52:36,2418
Else Experience,2020-02-13,public,10:57:57,1639
Remember Six,2015-06-04,public,16:05:06,1589
High Listen,1982-04-11,public,23:28:11,589
Like Stuff,2008-01-22,private,12:22:44,1317
Seat Recent,1987-04-21,private,01:56:13,3340
Cultural While,1976-04-06,private,18:01:34,287
Strategy Purpose,1994-09-06,public,01:25:46,832
Use Reflect,1998-08-22,public,11:22:28,1973
Idea Baby,1982-07-17,private,07:42:15,2708
Sure Dinner,1997-05-08,private,05:59:03,1088
Race Bag,1987-02-28,public,22:29:38,711
Huge Look,2011-03-25,private,11:07:18,697
Door Because,1973-02-26,public,02:48:31,2930
Dog Return,2021-12-23,private,11:52:16,2156
Bag Worry,1997-02-17,private,13:37:37,2364
Money Party,1976-01-17,public,14:52:23,2525
Themselves Body,2007-02-18,private,20:13:44,578
Your Sign,1988-02-28,public,11:27:29,1270
Town Article,1993-11-29,private,20:52:47,121
Participant Husband,2011-11-14,private,18:15:18,2855
It Boy,2006-12-11,private,18:09:10,1206
Table All,2014-09-08,private,01:38:20,1955
Surface Fine,2009-12-17,public,03:01:29,1618
Voice Board,1994-09-07,private,03:30:45,3412
Teacher Sound,2003-01-02,private,05:03:57,1943
Man Claim,2018-06-11,private,12:09:58,3267
Try Finish,2005-03-15,public,05:47:29,477
Far Morning,1991-01-19,public,06:12:35,2537
Space Dinner,1998-01-05,public,13:37:59,779
Western Break,2004-06-14,private,22:58:42,3377
Participant Play,2021-11-17,private,13:13:16,2299
Win Test,1982-08-12,private,22:34:11,636
Save Billion,1999-06-08,public,11:31:25,123
Answer Cultural,2001-01-07,private,19:34:36,474
War Way,2003-12-31,private,12:05:56,1254
Strategy Over,1974-07-05,public,14:45:48,1178
Thus Create,1972-10-17,public,13:15:32,2070
Tonight Election,1994-02-05,public,08:36:45,2900
Occur Thousand,1998-05-02,private,02:54:10,1429
Professional West,1979-11-18,public,13:15:30,2407
Crime Single,2020-07-03,public,11:14:56,534
Senior Fast,1984-11-19,public,15:00:08,70
Consider Particularly,1988-02-19,private,11:02:00,1606
Factor Still,1976-07-21,public,15:42:50,1339
Need Team,1982-04-29,public,13:44:43,1427
Generation Beautiful,2016-05-24,public,17:42:08,852
Life Name,1999-03-12,private,13:32:30,452
Our Dinner,2016-09-30,public,20:57:07,803
Police Culture,1988-11-27,public,14:40:22,2378
Position Interview,2017-04-29,public,15:14:38,1720
Require Picture,1974-04-07,public,04:16:34,381
Senior Democrat,1995-03-11,public,06:17:13,1355
Smile Board,2015-03-11,private,05:26:50,2884
Worry Program,1995-10-08,public,01:00:02,1920
Buy Area,2009-07-19,public,05:19:20,407
Data Anyone,1999-08-20,private,21:56:51,338
Enjoy Expect,2002-08-09,private,03:48:10,1300
Ok Determine,2017-03-21,private,22:47:31,273
Per Somebody,1982-01-04,private,08:00:48,878
Figure Power,1997-07-18,private,15:12:54,3391
After Serve,1986-01-11,public,04:14:04,2964
Great Be,2004-11-20,private,20:30:39,2530
Door Doctor,1990-08-16,private,00:49:46,921
Add Those,2005-11-26,public,19:40:41,2466
Trade Hear,1987-03-07,public,14:13:49,1537
Write Use,1975-01-08,public,17:33:17,2585
Mention Third,2001-01-27,public,00:22:22,3337
Middle Rate,1980-01-26,public,22:24:57,795
Blue Design,1980-10-09,private,03:08:26,2001
Audience Dinner,2023-01-23,public,16:35:28,577
Firm Allow,2002-06-27,private,18:06:51,3171
Under Food,1970-08-26,public,21:57:46,1768
School Expert,2000-08-27,private,17:01:44,1470
Foreign Draw,2023-08-10,public,08:58:24,3337
Approach Center,1998-01-14,public,00:49:00,2254
Less Month,1975-08-03,public,00:44:39,55
Why Discuss,2005-10-29,private,10:57:39,153
Adult Anything,1970-06-19,private,20:21:17,209
Red Anyone,2006-02-18,private,10:54:09,989
Such Forward,2020-02-20,private,09:24:34,2139
Affect Off,2011-12-27,private,09:43:36,1351
Require Avoid,1986-03-25,private,04:54:14,2517
Four Will,2013-02-01,public,16:12:19,267
Group Political,2014-09-11,private,18:28:24,1714
Ahead Measure,1995-09-11,public,20:21:16,309
Music Program,1974-05-02,private,09:36:03,2916
Authority Anyone,2019-02-27,public,20:10:15,3270
Response Tend,2012-12-24,private,00:09:45,1841
Town Per,1987-03-16,public,13:28:18,1463
However Cover,2009-11-08,public,09:08:31,325
Easy Least,2009-09-10,public,15:20:52,2404
Mouth Fast,2022-06-08,private,04:09:58,2386
Wall Our,1974-05-07,public,12:56:56,3099
Along Class,1972-06-24,public,07:07:02,2406
Ever Leader,1971-05-27,private,11:03:10,1634
Once Education,2003-09-26,public,01:50:04,1131
Western Customer,2004-02-24,private,18:15:10,2472
Source Teacher,2006-04-09,private,16:57:00,3380
Of Leg,2019-08-15,private,06:33:38,1363
Eye Travel,2020-09-02,public,10:21:53,849
Call House,2016-01-22,public,23:27:58,3185
Live Religious,2015-12-05,private,15:03:01,2190
Especially Hold,2014-08-20,private,08:20:47,3085
Everybody Know,1999-05-19,private,18:28:08,1042
Us Discussion,1997-05-25,public,13:43:27,2369
Civil Some,2020-09-10,private,14:19:20,2711
Always Season,1990-01-10,private,12:16:29,2257
City Involve,1993-03-29,private,11:08:26,2577
Sit Hear,2004-07-14,private,22:08:20,2419
Republican Way,1979-01-27,public,18:49:33,3194
A Clear,2022-03-13,private,07:31:19,1416
Possible What,2007-10-06,private,19:21:11,520
I Add,1986-04-30,private,10:32:07,2771
Such Yes,1970-02-04,public,20:38:35,2352
Surface Move,1972-07-09,public,10:31:41,6
While Fear,2010-03-10,private,03:43:16,269
Yourself Good,2004-06-29,public,12:36:58,2725
Often Then,2018-09-16,public,09:15:18,1625
Ago Summer,1993-02-13,private,09:21:59,706
Sport Fine,1996-09-12,public,08:02:47,422
Style Animal,1972-04-26,public,04:14:57,532
Action Without,1997-08-26,public,04:37:36,3048
Production Win,1971-07-01,private,03:53:38,1961
Career Town,1978-12-09,private,05:51:03,1626
Anyone Rate,2013-02-07,private,03:55:45,2716
Near Sound,1985-04-29,public,22:21:22,2245
Administration Civil,2000-11-07,public,22:55:37,277
Man Move,2006-10-27,public,15:52:07,1779
Here Tell,1980-11-30,private,05:48:32,3334
System Skill,2020-03-28,public,13:13:28,2499
Popular Chance,1987-04-01,public,10:31:37,2775
Know Movement,2003-08-09,public,14:45:17,1187
Mother Cause,2021-01-10,public,08:21:17,3385
Strategy Receive,1971-02-28,public,19:05:17,1616
Any Stock,2012-04-24,public,10:08:27,209
Itself Store,2009-12-03,public,01:15:18,1157
Meeting Late,1973-12-10,private,01:26:30,283
Agency Because,1986-02-28,private,09:21:44,1872
Upon Find,1998-01-03,private,01:41:02,260
Determine Moment,1991-02-18,public,20:38:23,1166
Participant Box,1993-04-28,public,10:40:33,2041
Few Tough,2021-09-14,public,17:52:00,1833
Against Mr,1983-04-30,private,18:25:43,2026
Job Risk,2020-05-05,public,12:38:34,2406
Turn Onto,1999-02-25,private,19:10:56,2705
Improve Hard,2004-02-14,private,15:36:09,2895
Section List,2022-08-13,private,14:13:40,2328
Window And,2016-02-19,public,15:16:04,2851
Still Peace,2014-05-11,public,00:18:04,2091
Let Blue,2010-03-15,private,23:45:58,717
Lead Present,1985-06-18,private,11:54:10,3366
Against Statement,1997-09-06,private,15:41:04,2116
Interest Purpose,2015-05-17,public,05:32:43,2849
Situation Event,2007-12-11,public,00:37:11,2805
Now Agent,1984-06-03,public,10:36:48,668
Board Strategy,1984-04-03,public,16:27:07,1332
Green Ever,1978-02-13,public,05:27:38,2464
Trouble Should,2007-08-13,private,02:49:43,1990
Morning Benefit,1995-03-03,private,23:24:34,2010
View Weight,1984-10-20,private,06:56:53,1813
Lot Commercial,1992-03-02,public,22:56:03,1974
Before Eye,2012-07-26,public,04:38:47,740
Rate Determine,2013-08-09,public,15:38:01,63
First Door,1999-04-10,public,18:59:40,1580
Author Can,1992-07-08,private,04:15:37,1756
Budget Size,1993-06-16,public,20:52:53,2648
Among Suddenly,1992-02-25,private,02:58:10,2456
Research Road,1990-12-01,public,00:12:22,1345
Financial Heart,2019-06-26,private,01:43:23,3306
Total Once,2018-12-19,private,21:36:56,2933
Inside Reduce,2018-08-30,private,13:14:39,1412
Explain Develop,2000-01-26,private,14:04:09,2330
Full Tend,1974-12-25,private,19:30:23,1234
Road Property,1995-10-29,private,13:44:03,2600
Result Cause,1983-08-18,public,21:44:09,1930
Dark Rest,1989-09-19,public,18:41:33,1982
Character Work,2019-01-15,public,18:36:56,2493
Sell Design,2015-01-20,public,23:11:39,327
Again Understand,1992-01-02,public,04:08:36,1842
Ground Rock,1982-01-02,public,17:31:44,552
Entire Choice,2023-07-14,private,10:30:20,1428
Time Company,2003-07-22,private,04:39:46,896
Also Administration,2012-02-19,private,01:33:30,1696
Of Perhaps,1978-08-21,private,22:34:19,2884
Political Rate,2004-06-19,private,21:09:44,914
Probably Per,2022-05-30,private,15:15:54,130
Both Town,2013-05-08,private,17:17:22,2616
Support Others,2000-06-23,public,02:24:22,3194
Fast Season,1975-05-10,private,18:21:32,2043
Wait Man,1970-04-04,private,07:40:29,216
Mission Sit,1995-02-02,public,16:26:43,2299
A Include,2016-05-21,private,17:57:53,1777
Fire Pm,1989-10-13,private,22:50:49,2194
Music His,1995-10-18,public,07:47:31,1856
Employee Listen,2012-04-24,public,17:17:46,1300
Theory Mrs,2002-06-22,private,16:23:20,55
Spring Cause,2018-04-09,private,20:43:45,1230
Agent Remain,1995-03-01,public,07:24:44,2943
Eight Culture,1994-05-04,public,23:56:38,1398
Thing Resource,1998-03-03,public,08:12:57,3184
Yet Practice,1983-03-06,public,12:33:58,1354
Kid Capital,2000-12-15,public,03:07:56,2132
Claim Themselves,1976-02-24,private,23:19:17,3111
Institution Candidate,1979-04-16,private,00:58:33,508
Feeling Deep,1975-02-24,public,18:22:20,1113
Help Get,1985-07-23,private,22:47:36,2889
See Bit,2003-07-24,private,16:05:04,215
Focus Common,2009-01-21,private,10:20:45,11
Identify Price,1994-02-21,public,12:05:05,2601
Kind Season,1976-12-21,public,21:30:44,3439
Phone Material,1991-07-05,private,20:09:19,3207
Able Talk,2017-07-08,public,01:38:08,3220
Several Under,1974-02-27,public,11:00:43,1620
Statement Price,2011-08-17,private,15:08:44,2520
